,Negative Peak Time,Negative Peak Energy,Negative Azimuth Angle,Positive Peak Time,Positive Peak Energy,Positive Azimuth Angle,Azimuthal Ram Time,Azimuthal Ram Angle,Flyby,FlybyDate,Flyby velocity,Actuation Direction,Bulk Azimuth,Bulk Time,Bulk Deflection from Ram Angle,Negative Deflection from Ram Angle,Positive Deflection from Ram Angle,ELS crosstrack velocity,IBS crosstrack velocity,Crosstrack velocity,Absolute Crosstrack velocity,Solar Zenith Angle,Altitude,Longitude,Latitude
0,2006-07-22 00:22:28.919912000,49.0,88.18857439937892,2006-07-22 00:22:29.423109000,24.450000762939453,87.68789204735367,2006-07-22 00:22:27.064332000,90.03487869597365,t16,22/7/2006,5949.519722094745,negative,87.9382332233663,2006-07-22 00:22:29.171510500,-2.0966454726073493,-1.8463042965947238,-2.346986648619975,-191.68467486076565,-243.6399126384229,-217.6643714167371,217.6643714167371,113.30857846927216,1093.6147019918567,161.10567610443354,77.67477286793745
1,2006-07-22 00:23:16.511163000,107.4000015258789,89.6125514563555,2006-07-22 00:23:14.571677000,35.189998626708984,87.68275753276794,2006-07-22 00:23:16.921586000,90.02092358594791,t16,22/7/2006,5956.707005504351,positive,88.64765449456172,2006-07-22 00:23:15.541420000,-1.3732690913861916,-0.4083721295924079,-2.3381660531799753,-42.455701801280256,-243.01798110283764,-142.75708441233502,142.75708441233502,111.41593139444754,1029.0235185303275,164.27938384290533,81.86779081844111
2,2006-07-22 00:24:11.723995000,964.0999755859375,88.38001656532288,2006-07-22 00:24:12.438412000,63.880001068115234,87.66779211260928,2006-07-22 00:24:10.096921000,90.0070906829754,t16,22/7/2006,5963.1296021666585,negative,88.02390433896608,2006-07-22 00:24:12.081203500,-1.9831863440093258,-1.6270741176525263,-2.3392985703661253,-169.31700562246567,-243.39777611346565,-206.36137675996594,206.36137675996594,108.89412865214756,975.7906030572641,180.79370577304442,87.00676493320705
3,2006-07-22 00:24:59.850144000,1805.0,89.95421648025513,2006-07-22 00:24:56.979925000,64.94999694824219,87.08909117043822,2006-07-22 00:24:59.891737000,89.99580929757552,t16,22/7/2006,5965.665553503487,positive,88.52165382534668,2006-07-22 00:24:58.415034500,-1.4741554722288441,-0.04159281732039233,-2.906718127137296,-4.330664804233161,-302.5191567835405,-153.47287983178146,153.47287983178146,106.68367405531637,953.9306590164675,298.89100776501147,87.81580628172397
4,2006-07-22 00:25:52.906136000,2112.0,89.1980010266725,2006-07-22 00:25:55.263329000,63.880001068115234,86.84712538157692,2006-07-22 00:25:52.117617000,89.98651717972047,t16,22/7/2006,5965.615799490068,negative,88.02256320412471,2006-07-22 00:25:54.084732500,-1.9639539755957571,-0.788516153047965,-3.1393917981435493,-82.09742452993274,-326.7088025504682,-204.44613525678216,204.44613525678216,103.90788122108636,954.159889403118,325.0224002474706,82.73215658643748
5,2006-07-22 00:26:42.519119000,1805.0,89.62071949607162,2006-07-22 00:26:39.823600000,63.880001068115234,86.93867138988298,2006-07-22 00:26:42.875481000,89.97530111140988,t16,22/7/2006,5963.014955629236,positive,88.2796954429773,2006-07-22 00:26:41.171359500,-1.6956056684325773,-0.3545816153382617,-3.036629721526893,-36.90257811037669,-315.8870118438885,-176.44312119198867,176.44312119198867,101.50471433235228,976.9223095740708,329.00387636050453,78.2473530871585
6,2006-07-22 00:27:36.305901000,125.0999984741211,88.79989092016694,2006-07-22 00:27:38.156319000,37.599998474121094,86.95872067101209,2006-07-22 00:27:35.139615000,89.96034512862921,t16,22/7/2006,5956.469098960552,negative,87.87930579558952,2006-07-22 00:27:37.231110000,-2.0810393330396977,-1.1604542084622693,-3.001624457617126,-120.63256876401672,-311.9061531679935,-216.29727961250657,216.29727961250657,98.638358888421,1030.4043098366435,331.01755392250357,72.98897762137459
7,2006-07-22 00:28:23.962756000,26.34000015258789,88.08588078879075,2006-07-22 00:28:22.521451000,20.040000915527344,87.37243089368712,2006-07-22 00:28:25.841283000,89.94560684639207,t16,22/7/2006,5949.373020224714,positive,87.72915584123893,2006-07-22 00:28:23.242103500,-2.2164510051531323,-1.8597260576013213,-2.5731759527049434,-193.07288350808844,-267.0988697609811,-230.09033616033426,230.09033616033426,96.32475573302598,1094.8777372115158,331.92416303159433,68.80594273282401
8,2006-09-07 20:14:06.705163000,22.209999084472656,91.7539321186232,2006-09-07 20:14:04.361728000,16.700000762939453,89.41902227107221,2006-09-07 20:14:04.942212000,89.99950869590653,t17,7/9/2006,5947.1056735884595,positive,90.5864771948477,2006-09-07 20:14:05.533445500,0.5869684989411752,1.7544234227166697,-0.5804864248343193,182.0746866137195,-60.25147194636709,60.92425411988308,60.92425411988308,56.142154460632874,1124.1111232370924,73.51722187940315,24.70315832422045
9,2006-09-07 20:14:55.570890000,35.84000015258789,91.47932293935446,2006-09-07 20:14:57.345091000,22.1299991607666,89.71227431297302,2006-09-07 20:14:57.058357000,89.99900805753273,t17,7/9/2006,5954.633946772828,negative,90.59579862616374,2006-09-07 20:14:56.457990500,0.5967905686310075,1.4803148818217267,-0.28673374455971157,153.8290025793052,-29.799531078079422,62.02210969195516,62.02210969195516,52.51342541650363,1059.6792505328688,68.45547372309649,24.25562480413191
10,2006-09-07 20:15:50.609205000,67.1500015258789,92.64858920949973,2006-09-07 20:15:48.579001000,24.850000381469727,90.62853673460268,2006-09-07 20:15:47.945791000,89.99849115001601,t17,7/9/2006,5959.407735318079,positive,91.6385629720512,2006-09-07 20:15:49.594103000,1.6400718220351962,2.6500980594837245,0.6300455845866679,275.54183784874044,65.53053109616258,170.5626855070683,170.5626855070683,48.745449023925715,1016.8227877798861,63.06217993399651,23.588570170698816
11,2006-09-07 20:16:37.189251000,67.1500015258789,92.84918635555368,2006-09-07 20:16:38.791656000,27.0,91.2547950212047,2006-09-07 20:16:40.054742000,89.9980294975869,t17,7/9/2006,5961.431422894173,negative,92.05199068837919,2006-09-07 20:16:37.990453500,2.0539611907922932,2.851156857966785,1.2567655236178013,296.53077877645546,130.75170248073172,213.66192178041345,213.66192178041345,45.41068736007397,1000.2189458837283,58.124042768728124,22.805853719729512
12,2006-09-07 20:17:33.610388000,67.1500015258789,92.65490472327747,2006-09-07 20:17:31.699883000,27.0,90.75394927326488,2006-09-07 20:17:30.940123000,89.99768638567382,t17,7/9/2006,5960.596569647364,positive,91.70442699827117,2006-09-07 20:17:32.655135500,1.7067406125973577,2.657218337603652,0.7562628875910633,276.33674801932796,78.6732831184774,177.5294425083559,177.5294425083559,41.86025617604741,1007.5715689688689,52.60539520821466,21.737299096474093
13,2006-09-07 20:18:19.386481000,67.1500015258789,93.65307994519117,2006-09-07 20:18:21.709649000,24.850000381469727,91.34153022747705,2006-09-07 20:18:23.059913000,89.99771938070089,t17,7/9/2006,5957.0571342976145,negative,92.49730508633411,2006-09-07 20:18:20.548065000,2.4995857056332227,3.6553605644902802,1.3438108467761651,379.79103129563146,139.70355510531255,259.80014939542644,259.80014939542644,39.02831868718606,1036.644696072465,47.892120413721116,20.663936773052303
14,2006-09-07 20:19:15.925913000,30.489999771118164,92.96898504770252,2006-09-07 20:19:14.261188000,18.450000762939453,91.3125818538374,2006-09-07 20:19:12.940378000,89.99807940661266,t17,7/9/2006,5950.675233127055,positive,92.14078345076996,2006-09-07 20:19:15.093550500,2.1427040441572984,2.970905641089857,1.31450244722474,308.4166723386029,136.51076983385744,222.48696417682152,222.48696417682152,36.21856461597874,1094.8161498131183,42.733313794483486,19.32176006151419
15,2006-10-09 17:28:18.896251000,91.76000213623047,90.90962916369335,2006-10-09 17:28:17.005187000,28.3799991607666,89.02304744720459,2006-10-09 17:28:17.930460000,89.94832068163888,t19,9/10/2006,5956.70239627339,positive,89.96633830544897,2006-10-09 17:28:17.950719000,0.01801762381009553,0.961308482054477,-0.925273234434286,99.93685284209012,-96.19098963170136,1.8731854609177352,1.8731854609177352,85.61553905765973,1034.893954377406,12.921071570603829,69.12186837520466
16,2006-10-09 17:29:09.826641000,107.4000015258789,90.19038286765863,2006-10-09 17:29:11.402409000,32.939998626708984,88.61548185348511,2006-10-09 17:29:10.076450000,89.94144088866486,t19,9/10/2006,5961.54364570617,negative,89.40293236057187,2006-10-09 17:29:10.614525000,-0.53850852809299,0.2489419789937699,-1.32595903517975,25.901974216674308,-137.9518204747162,-56.03021472556688,56.03021472556688,83.36392849356466,994.8005676838931,4.633689776922617,65.3171470968488
17,2006-10-09 17:30:01.626635000,125.0999984741211,90.6364216095626,2006-10-09 17:29:59.909829000,40.849998474121094,88.92820061290058,2006-10-09 17:30:00.916833000,89.93016892196395,t19,9/10/2006,5963.20695357226,positive,89.78231111123159,2006-10-09 17:30:00.768232000,-0.14785781073236137,0.7062526875986492,-1.001968309063372,73.5032200201895,-104.27713703539051,-15.388668309739577,15.388668309739577,81.22487948464197,980.2552168285321,358.69703993236976,61.31480851378716
18,2006-10-09 17:31:43.961801000,91.76000213623047,89.97977590560913,2006-10-09 17:31:42.171909000,31.34000015258789,88.18988394737244,2006-10-09 17:31:43.890245000,89.90822019785082,t19,9/10/2006,5958.2754931953605,positive,89.08482992649078,2006-10-09 17:31:43.066855000,-0.8233902713600401,0.07155570775830711,-1.7183362504783872,7.441185244845811,-178.6656214098956,-85.6226628381218,85.6226628381218,77.04962334724047,1022.8136328219545,350.42479388196557,52.641772296617056
19,2006-10-09 17:32:35.218596000,67.1500015258789,90.7955015347743,2006-10-09 17:32:37.292701000,23.260000228881836,88.72530436515808,2006-10-09 17:32:36.121678000,89.89632692566589,t19,9/10/2006,5951.20393136234,negative,89.76040294996619,2006-10-09 17:32:36.255648500,-0.13592397569969705,0.8991746091084138,-1.171022560507808,93.39172731789209,-121.62342416503046,-14.118152273672447,14.118152273672447,75.05975443697817,1082.3104938098709,347.4315138946548,48.11116797868612
20,2006-12-12 11:41:02.774883000,200.89999389648438,92.81087433139146,2006-12-12 11:41:00.764585000,66.04000091552734,90.81062318436125,2006-12-12 11:40:59.953338000,90.0034333978943,t21,12/12/2006,5956.897042037468,positive,91.81074875787635,2006-12-12 11:41:01.769734000,1.8073153599820557,2.807440933497162,0.8071897864669495,291.76573815826526,83.91870112643474,187.87084046782525,187.87084046782525,126.34547582815293,1004.054012548103,262.03641436687377,45.55484278297459
21,2006-12-12 11:41:49.781669000,146.89999389648438,93.25717527553479,2006-12-12 11:41:52.597266000,63.880001068115234,90.45566530394717,2006-12-12 11:41:53.053612000,90.00133543987378,t21,12/12/2006,5957.117559779264,negative,91.85642028974098,2006-12-12 11:41:51.189467500,1.8550848498671968,3.255839835661007,0.4543298640733866,338.33179740835584,47.236778541202234,192.84191535787787,192.84191535787787,124.3234430075823,1002.0493771360216,266.26369569349845,41.959440112487066
22,2006-12-12 11:42:44.250319000,91.76000213623047,91.29908926691314,2006-12-12 11:42:42.640708000,49.83000183105469,89.69572979243458,2006-12-12 11:42:42.849778000,89.90480106436024,t21,12/12/2006,5954.593964443727,positive,90.49740952967386,2006-12-12 11:42:43.445513500,0.5926084653136172,1.3942882025529002,-0.20907127192566577,144.89026552600097,-21.728158370425135,61.58708207543784,61.58708207543784,121.97088074547669,1024.282801084943,270.2161707959815,38.030795536534434
23,2007-01-13 08:35:34.207468000,30.489999771118164,93.21368221057492,2007-01-13 08:35:30.914248000,17.260000228881836,89.93649530410767,2007-01-13 08:35:30.893909000,89.91615634421159,t23,13/1/2007,5942.016709926635,positive,91.57508875734129,2007-01-13 08:35:32.560858000,1.6589324131297047,3.29752586636333,0.0203389598960797,341.790248386641,2.1093078417626185,172.02012045509187,172.02012045509187,60.834248196451234,1144.3934729352832,9.873811672416767,44.486973231507804
24,2007-01-13 08:36:20.450702000,107.4000015258789,92.55881903747195,2007-01-13 08:36:22.674351000,27.90999984741211,90.34629063274679,2007-01-13 08:36:23.113741000,89.90852944524437,t23,13/1/2007,5949.963879642128,negative,91.45255483510937,2007-01-13 08:36:21.562526500,1.5440253898649985,2.6502895922275798,0.4377611875024172,275.1250562435809,45.45950739160281,160.32216470332818,160.32216470332818,58.59209511107068,1076.8001279160985,6.290358030210885,40.9510607110105
25,2007-01-13 08:37:16.533037000,200.89999389648438,93.53766107964384,2007-01-13 08:37:14.139717000,45.869998931884766,91.15631039001164,2007-01-13 08:37:12.879433000,89.9017262340573,t23,13/1/2007,5955.474610277291,positive,92.34698573482774,2007-01-13 08:37:15.336377000,2.445259500770433,3.635934845586533,1.2545841559543334,377.67506327589507,130.39436941577918,254.0895797418357,254.0895797418357,56.24224064377653,1026.5842949664427,2.6721570752987094,36.82255989863963
26,2007-01-13 08:38:03.227156000,321.5,92.7762918049475,2007-01-13 08:38:05.307438000,62.84000015258789,90.70641346390767,2007-01-13 08:38:06.123344000,89.89458739979963,t23,13/1/2007,5958.284323348032,negative,91.74135263442759,2007-01-13 08:38:04.267297000,1.8467652346279522,2.8817044051478717,0.8118260641080326,299.54695330192817,84.42033084158972,192.01496610384405,192.01496610384405,54.26909940898299,1003.5645613608144,359.65151270214096,32.90024743959813
27,2007-01-13 08:38:58.721075000,514.7999877929688,92.72480351132981,2007-01-13 08:38:57.020747000,66.04000091552734,91.03297237014885,2007-01-13 08:38:55.869994000,89.88797470483064,t23,13/1/2007,5958.255594057328,positive,91.87888794073933,2007-01-13 08:38:57.870911000,1.9909132359086925,2.8368288064991702,1.1449976653182148,294.88465238560747,119.06173067854307,206.99575118011805,206.99575118011805,52.35775266269699,1003.6682491070733,356.61922733468276,28.49765789690836
28,2007-01-13 08:39:45.612959000,274.79998779296875,93.39245639468572,2007-01-13 08:39:47.933424000,54.130001068115234,91.08359611075866,2007-01-13 08:39:49.141229000,89.8811247167922,t23,13/1/2007,5955.414702590367,negative,92.2380262527222,2007-01-13 08:39:46.773191500,2.3569015359299925,3.511331677893523,1.2024713939664622,364.74499857696657,124.97761945734959,244.91102015336256,244.91102015336256,50.89358515667438,1026.8561829412256,354.08551476668544,24.453558857616038
29,2007-01-13 08:40:40.970417000,125.0999984741211,91.98293984711927,2007-01-13 08:40:39.488791000,31.860000610351562,90.50872352605256,2007-01-13 08:40:38.844988000,89.8673645328959,t23,13/1/2007,5949.864726161065,positive,91.24583168658592,2007-01-13 08:40:40.229604000,1.3784671536900106,2.1155753142233635,0.6413589931566577,219.64142982043288,66.60036029222663,143.13273965014812,143.13273965014812,49.636612181602466,1076.8891387322976,351.5470486641434,20.076601521319375
30,2007-01-13 08:41:28.586817000,67.1500015258789,92.42351438377864,2007-01-13 08:41:30.797526000,19.389999389648438,90.22386143277072,2007-01-13 08:41:31.166896000,89.85550391686525,t23,13/1/2007,5941.97595816281,negative,91.32368790827468,2007-01-13 08:41:29.692171500,1.4681839914094326,2.5680104669133925,0.3683575159054726,266.2316182577239,38.20100615048943,152.24436014330746,152.24436014330746,48.80619813687803,1145.250535853222,349.39337544042274,16.126665501190285
31,2007-02-22 03:10:15.567892000,125.0999984741211,91.58951947589958,2007-02-22 03:10:13.177630000,36.9900016784668,89.21120426089692,2007-02-22 03:10:14.101884000,90.13083949208037,t25,22/2/2007,6218.416339960082,positive,90.40036186839825,2007-02-22 03:10:14.372761000,0.26952237631788023,1.4586799838192093,-0.9196352311834488,158.29612052606387,-99.80541770661544,29.25165137819242,29.25165137819242,173.75935264939912,1084.4382193619783,20.849248008743476,18.462010997290434
32,2007-02-22 03:11:05.158850000,146.89999389648438,90.86644245067782,2007-02-22 03:11:07.377332000,45.869998931884766,88.65905377343552,2007-02-22 03:11:05.902431000,90.12658039491353,t25,22/2/2007,6224.542333279205,negative,89.76274811205667,2007-02-22 03:11:06.268091000,-0.36383228285686187,0.7398620557642914,-1.4675266214780152,80.37546117508812,-159.41283831375233,-39.526021744262046,39.526021744262046,168.88412642543827,1030.7630188273251,19.073800151118643,23.205025663921013
33,2007-02-22 03:11:56.877025000,171.6999969482422,90.9021683993169,2007-02-22 03:11:54.720381000,49.83000183105469,88.75630898804411,2007-02-22 03:11:56.089407000,90.11848964735901,t25,22/2/2007,6227.353706503063,positive,89.82923869368051,2007-02-22 03:11:55.798703000,-0.2892509536785042,0.7836787519578934,-1.3621806593149017,85.17368393176417,-148.03850744236559,-31.437923745588105,31.437923745588105,164.03642147248007,1004.3589852356135,17.214644636588744,27.811911580278778
34,2007-02-22 03:12:47.860252000,146.89999389648438,91.16861692522252,2007-02-22 03:12:50.176533000,50.65999984741211,88.85803580284119,2007-02-22 03:12:48.922407000,90.11177407052666,t25,22/2/2007,6227.4229380070665,negative,90.01332636403185,2007-02-22 03:12:49.018392500,-0.0984477064948095,1.0568428546958586,-1.2537382676854776,114.86071567967493,-136.25672717855358,-10.700180871305431,10.700180871305431,158.75754235219605,1003.6430288076187,15.0131167291043,32.76897494648905
35,2007-02-22 03:13:39.901532000,146.89999389648438,90.9316226163237,2007-02-22 03:13:37.745424000,47.41999816894531,88.78002333641052,2007-02-22 03:13:39.073118000,90.10735200391765,t25,22/2/2007,6224.709930510756,positive,89.85582297636711,2007-02-22 03:13:38.823478000,-0.2515290275505464,0.824270612406039,-1.3273286675071319,89.54705789330401,-144.1903226485665,-27.32644917051086,27.32644917051086,153.84015992249775,1028.935472517144,12.735452221883257,37.33652483620426
36,2007-02-22 03:14:30.377546000,107.4000015258789,91.64396867904816,2007-02-22 03:14:33.161413000,32.939998626708984,88.87403111827916,2007-02-22 03:14:31.924212000,90.10504176081857,t25,22/2/2007,6218.530809314512,negative,90.25899989866366,2007-02-22 03:14:31.769479500,0.1539581378450947,1.538926918229592,-1.2310106425394025,167.00556169686138,-133.59602990329125,16.70964736926611,16.70964736926611,148.71901731415295,1082.7391570037555,10.051904446399426,42.03420046510883
37,2007-03-10 01:45:45.288051000,57.45000076293945,92.37078543771077,2007-03-10 01:45:42.805342000,21.059999465942383,89.89951920509338,2007-03-10 01:45:42.907235000,90.00141192413002,t26,10/3/2007,6209.313181012683,positive,91.13515232140207,2007-03-10 01:45:44.046696500,1.1337403972720494,2.36937351358074,-0.10189271903664121,256.70284010869716,-11.04240967231935,122.85878409714634,122.85878409714634,163.78408091230966,1171.3573235488877,7.529974022926133,14.953976182244736
38,2007-03-10 01:46:33.939945000,107.4000015258789,92.13897449635351,2007-03-10 01:46:35.950403000,39.52000045776367,90.13857456666301,2007-03-10 01:46:36.089094000,90.00057743451569,t26,10/3/2007,6218.665466714404,negative,91.13877453150826,2007-03-10 01:46:34.945174000,1.1381970969925703,2.1383970618378214,0.13799713214731923,232.0395862266861,14.97766812499681,123.527448529341,123.527448529341,160.96250914468078,1086.3024284208434,5.304787283713024,19.16240633154896
39,2007-03-10 01:47:28.104651000,171.6999969482422,92.18340083149997,2007-03-10 01:47:25.670062000,53.2400016784668,89.76098746731805,2007-03-10 01:47:25.911948000,90.00166360150342,t26,10/3/2007,6225.145669662352,positive,90.972194149409,2007-03-10 01:47:26.887356500,0.9705305479055824,2.1817372299965427,-0.24067613418537803,236.98691698736627,-26.149213802038517,105.44241078563324,105.44241078563324,157.28629903837717,1024.462246413166,2.811486116990056,23.601484368143332
40,2007-03-10 01:48:16.462083000,200.89999389648438,91.61954680803592,2007-03-10 01:48:18.656187000,54.130001068115234,89.43641571515036,2007-03-10 01:48:18.087085000,90.00267130589829,t26,10/3/2007,6229.218643075475,negative,90.52798126159314,2007-03-10 01:48:17.559135000,0.5253099556948513,1.6168755021376313,-0.5662555907479287,175.76398050839146,-61.562518066503166,57.11109532421897,57.11109532421897,153.18400872967288,989.7051380799526,0.13730779337648666,28.006045482184888
41,2007-03-10 01:49:10.723708000,200.89999389648438,91.80946209004287,2007-03-10 01:49:08.689736000,53.2400016784668,89.78410387039185,2007-03-10 01:49:08.908654000,90.00302254994492,t26,10/3/2007,6230.137904998644,positive,90.79678298021736,2007-03-10 01:49:09.706722000,0.7937604302724424,1.806439540097955,-0.2189186795530702,196.39322653952235,-23.80437541175911,86.30790611713932,86.30790611713932,148.64187579354152,981.1078546237393,357.10798749307025,32.53390269038837
42,2007-03-10 01:49:58.856318000,171.6999969482422,92.22738214192213,2007-03-10 01:50:01.195636000,51.5099983215332,89.89878535270691,2007-03-10 01:50:01.091668000,90.00275364482178,t26,10/3/2007,6227.98501848537,negative,91.06308374731452,2007-03-10 01:50:00.025977000,1.0603301024927418,2.2246284971003547,-0.10396829211487102,241.75379365401162,-11.301226998634741,115.25007799406842,115.25007799406842,144.10828639815801,999.1301254556597,353.8913660816572,36.81465727212524
43,2007-03-10 01:50:53.464636000,125.0999984741211,91.5467774375511,2007-03-10 01:50:51.652598000,42.22999954223633,89.74380138072047,2007-03-10 01:50:51.912174000,90.00207901502625,t26,10/3/2007,6223.045791379472,positive,90.64528940913578,2007-03-10 01:50:52.558617000,0.6432103941095306,1.5446984225248457,-0.25827763430578443,167.75344792140362,-28.05212033906992,69.85931068254988,69.85931068254988,139.35001810897523,1045.0889184073858,350.1987283485248,41.10313722156135
44,2007-03-10 01:51:41.522564000,78.18000030517578,92.55455811049615,2007-03-10 01:51:43.816226000,29.81999969482422,90.27236991317477,2007-03-10 01:51:44.088346000,90.00161141256307,t26,10/3/2007,6215.301190822658,negative,91.41346401183546,2007-03-10 01:51:42.669395000,1.4118525992723931,2.5529466979330806,0.2707585006117057,276.8455709249958,29.371087751303463,153.13869888110813,153.13869888110813,134.88564100320536,1113.8093981607649,346.3368257565619,44.94652396984619
45,2007-03-26 00:22:10.304630000,274.79998779296875,90.7338921140663,2007-03-26 00:22:06.568482000,60.790000915527344,87.01496342190694,2007-03-26 00:22:09.607079000,90.0383175618314,t27,26/3/2007,6223.143158376404,positive,88.87442776798662,2007-03-26 00:22:08.436556000,-1.1638897938447883,0.6955745522348877,-3.0233541399244643,75.54751373070704,-328.22723903573586,-126.40642543714664,126.40642543714664,151.54538706879362,1041.095501354357,2.457031602404802,34.114878197131084
46,2007-03-26 00:22:56.850979000,321.5,90.58179919117083,2007-03-26 00:23:00.159350000,66.04000091552734,87.2891263488782,2007-03-26 00:22:57.400538000,90.03497973404669,t27,26/3/2007,6226.347784538153,negative,88.93546277002451,2007-03-26 00:22:58.505164500,-1.0995169640221718,0.546819457124144,-2.7458533851684876,59.42211553930121,-298.27841862603725,-119.47747097368332,119.47747097368332,146.85201787557804,1014.1477248628413,359.54290864611926,38.46189849268929
47,2007-03-26 00:23:52.025142000,321.5,89.46266842205023,2007-03-26 00:23:49.625853000,64.94999694824219,87.07354401240445,2007-03-26 00:23:52.595948000,90.03061091349471,t27,26/3/2007,6226.449178395982,positive,88.26810621722734,2007-03-26 00:23:50.825497500,-1.7625046962673707,-0.5679424914444837,-2.9570669010902577,-61.71845778356407,-321.20784738709466,-191.5047729757718,191.5047729757718,141.84646995152588,1013.0048315466424,356.0690261125585,42.95107687110398
48,2007-03-26 00:24:40.687361000,235.0,89.74295356113271,2007-03-26 00:24:43.159545000,53.2400016784668,87.28309545609591,2007-03-26 00:24:40.401329000,90.02755953902107,t27,26/3/2007,6223.4632125126245,negative,88.51302450861431,2007-03-26 00:24:41.923453000,-1.514535030406762,-0.2846059778883614,-2.7444640829251625,-30.91375254074465,-297.9894980511588,-164.4895224347745,164.4895224347745,136.95128785416412,1038.5603922462926,352.1838891202284,47.188660367457345
49,2007-03-26 00:25:33.795705000,200.89999389648438,88.2327650463858,2007-03-26 00:25:31.809951000,38.869998931884766,86.25697149962616,2007-03-26 00:25:35.598372000,90.02638946942427,t27,26/3/2007,6218.128635834988,positive,87.24486827300598,2007-03-26 00:25:32.802828000,-2.7815211964182964,-1.7936244230384801,-3.7694179697981127,-194.62455962992715,-408.7879057757481,-301.7510851305301,301.7510851305301,132.15325403221027,1089.6332208015674,347.7595492833641,51.1707391382119
50,2007-04-10 22:56:00.391602000,200.89999389648438,90.74607187375477,2007-04-10 22:56:01.953654000,52.369998931884766,89.18706250190735,2007-04-10 22:56:01.040811000,90.09990589570836,t28,10/4/2007,6221.027086641612,negative,89.96656718783106,2007-04-10 22:56:01.172628000,-0.13333870787730007,0.6461659780464117,-0.9128433938010119,70.15753821954091,-99.10997432930918,-14.477557888319579,14.477557888319579,148.99557955090756,1061.8296461863802,5.438811703449368,39.74957443689288
51,2007-04-10 22:56:53.271332000,375.8999938964844,91.40074289785207,2007-04-10 22:56:51.219660000,71.73999786376953,89.3593314673717,2007-04-10 22:56:51.953665000,90.08966505711028,t28,10/4/2007,6226.109320776378,positive,90.38003718261189,2007-04-10 22:56:52.245496000,0.2903721255016052,1.3110778407417882,-0.7303335897385779,142.45729236011647,-79.36035907478963,31.553473457388776,31.553473457388776,144.0667871908704,1014.13960843862,2.512016408511769,44.236631914807006
52,2007-04-10 22:57:42.760770000,514.7999877929688,91.36885474044084,2007-04-10 22:57:45.060889000,80.55999755859375,89.08023863638846,2007-04-10 22:57:44.055580000,90.0805202209213,t28,10/4/2007,6228.643243878149,negative,90.22454668841465,2007-04-10 22:57:43.910829500,0.14402646749334735,1.2883345195195375,-1.0002815845328428,140.04347220942793,-108.73541992966528,15.657148686185218,15.657148686185218,138.96957336217312,992.3731489853623,358.98769118298236,48.77195731979916
53,2007-04-10 22:58:35.626891000,375.8999938964844,90.76463254368991,2007-04-10 22:58:33.633037000,72.94000244140625,88.77391386032104,2007-04-10 22:58:34.928077000,90.06895328236276,t28,10/4/2007,6228.078828265475,positive,89.76927320200548,2007-04-10 22:58:34.629964000,-0.2996800803572768,0.6956792613271574,-1.295039422041711,75.61881270763708,-140.75942294180484,-32.5752205409668,32.5752205409668,133.93323331638052,997.3868797025855,354.83459287605683,53.11801076775359
54,2007-04-10 22:59:25.556468000,321.5,91.57724296402375,2007-04-10 22:59:27.904235000,59.790000915527344,89.23669528961182,2007-04-10 22:59:27.079454000,90.06147652735912,t28,10/4/2007,6224.29677865859,negative,90.40696912681778,2007-04-10 22:59:26.730351500,0.34549259945866595,1.5157664366646344,-0.8247812377473025,164.64528043979857,-89.59658016901919,37.532178813014774,37.532178813014774,128.80650478732133,1029.6314994318043,349.6712100893602,57.353676709198226
55,2007-04-26 21:29:52.283554000,67.1500015258789,87.73745069780853,2007-04-26 21:29:50.783322000,21.40999984741211,86.23867220904322,2007-04-26 21:29:54.656764000,90.09873071931747,t29,26/4/2007,6210.654929444054,positive,86.98806145342587,2007-04-26 21:29:51.533438000,-3.1106692658916018,-2.3612800215089464,-3.860058510274257,-255.88175236868426,-418.0999111146064,-337.01965802777306,337.01965802777306,147.94328682318283,1154.001993365626,10.18551803595492,42.91303706546117
56,2007-04-26 21:30:44.851748000,125.0999984741211,86.6023111896975,2007-04-26 21:30:45.977594000,38.22999954223633,85.47643951201098,2007-04-26 21:30:41.357389000,90.08354147216215,t29,26/4/2007,6219.853928944126,negative,86.03937535085424,2007-04-26 21:30:45.414671000,-4.04416612130791,-3.481230282464651,-4.607101960151169,-377.67919573291135,-499.5940743629244,-438.6578071951909,438.6578071951909,142.90408570925518,1069.499206464557,7.572566145552411,47.60448206959702
57,2007-04-26 21:31:36.182898000,321.5,88.62481974897491,2007-04-26 21:31:34.034504000,60.790000915527344,86.48722657703911,2007-04-26 21:31:37.640428000,90.07502690378458,t29,26/4/2007,6225.575837470184,positive,87.55602316300701,2007-04-26 21:31:35.108701000,-2.5190037407775634,-1.450207154809661,-3.587800326745466,-157.55803897846965,-389.5841706663835,-273.6187093272099,273.6187093272099,138.07752420381658,1015.8779809064195,4.5901795273682,52.03023228617187
58,2007-04-26 21:32:25.874578000,439.3999938964844,88.56644849666918,2007-04-26 21:32:28.065989000,74.1500015258789,86.38594598647614,2007-04-26 21:32:24.370411000,90.06313346320137,t29,26/4/2007,6229.067160677817,negative,87.47619724157266,2007-04-26 21:32:26.970283500,-2.5869362216287044,-1.496684966532186,-3.677187476725223,-162.6976893819449,-399.5010940983392,-281.15029005005596,281.15029005005596,132.92099129779479,986.0023852147048,0.6783211545844087,56.65468237042133
59,2007-04-26 21:33:18.885257000,514.7999877929688,88.33122607812311,2007-04-26 21:33:16.973482000,74.1500015258789,86.42392586947153,2007-04-26 21:33:20.613522000,90.05080809510267,t29,26/4/2007,6229.343951861476,positive,87.37757597379732,2007-04-26 21:33:17.929369500,-2.6732321213053467,-1.7195820169795581,-3.6268822256311353,-186.9292973296779,-394.06063706395764,-290.5352103134323,290.5352103134323,127.80742979339895,983.247198575852,355.7365735726098,61.084558229042216
60,2007-04-26 21:34:08.470370000,439.3999938964844,88.97120161075873,2007-04-26 21:34:10.585979000,53.2400016784668,86.8631882062,2007-04-26 21:34:07.394037000,90.04217875835803,t29,26/4/2007,6226.484233211679,negative,87.91719490847936,2007-04-26 21:34:09.528174500,-2.1249838498786744,-1.070977147599308,-3.178990552158041,-116.37914816037409,-345.2921049848047,-230.87469046932804,230.87469046932804,122.66019483733449,1007.3863424654274,349.18316852483423,65.30124604339431
61,2007-04-26 21:35:00.464801000,200.89999389648438,87.91045635027604,2007-04-26 21:34:59.392288000,39.52000045776367,86.84029461473165,2007-04-26 21:35:02.597907000,90.03284565071203,t29,26/4/2007,6221.172594017318,positive,87.37537548250384,2007-04-26 21:34:59.928544500,-2.6574701682081923,-2.122389300435998,-3.1925510359803866,-230.3962151993857,-346.4676671059283,-288.444519475001,288.444519475001,117.73437205606233,1056.598339776054,340.714719408897,68.97325781921265
62,2007-05-12 20:08:56.807866000,601.7999877929688,96.45217183606292,2007-05-12 20:08:54.077710000,106.75,94.09515910153823,2007-05-12 20:08:52.645678000,92.6702884633864,t30,12/5/2007,6230.232013383801,positive,95.27366546880057,2007-05-12 20:08:55.442788000,2.603377005414174,3.7818833726765178,1.4248706381518303,410.93611940919595,154.92170175965362,282.98877138186504,282.98877138186504,128.00097035219784,979.4689658861734,4.901436558719196,62.98082495959713
63,2007-05-12 20:09:37.995128000,1319.0,94.02274627761199,2007-05-12 20:09:40.837222000,84.66000366210938,91.19486879499163,2007-05-12 20:09:41.119145000,90.91435649605727,t30,12/5/2007,6232.4255439403205,negative,92.60880753630181,2007-05-12 20:09:39.416175000,1.6944510402445445,3.1083897815547203,0.2805122989343687,337.9534461490287,30.512981024771342,184.28932666213484,184.28932666213484,123.58399361577578,961.3144891433924,0.34684887607871495,66.96065595928538
64,2007-05-12 20:10:34.264683000,1544.0,91.29133630018714,2007-05-12 20:10:32.085027000,79.2300033569336,89.12257357466478,2007-05-12 20:10:31.421670000,88.46253189077068,t30,12/5/2007,6231.8743248733945,positive,90.20695493742596,2007-05-12 20:10:33.174855000,1.7444230466552852,2.8288044094164633,0.6600416838941072,307.5548085311247,71.7889848221056,189.70587145543968,189.70587145543968,118.16029572513048,966.0495056529289,352.2843281619473,71.58682838846526
65,2007-05-12 20:11:24.015070000,704.2999877929688,91.01304348674603,2007-05-12 20:11:27.106451000,74.1500015258789,87.93712597219564,2007-05-12 20:11:27.660339000,87.38600597015639,t30,12/5/2007,6227.896068547832,negative,89.47508472947084,2007-05-12 20:11:25.560760500,2.0890787593144466,3.6270375165896382,0.551120002039255,393.98589164406957,59.9043279569685,227.0268932355687,227.0268932355687,112.93077242645023,999.0286357735214,340.04635074666015,75.53268111865573
66,2007-06-13 17:44:21.588398000,171.6999969482422,89.92835782414477,2007-06-13 17:44:19.131206000,49.0099983215332,87.483473211194,2007-06-13 17:44:21.672657000,90.01219486161864,t32,13/6/2007,6227.479230191581,positive,88.70591551766938,2007-06-13 17:44:20.359802000,-1.3062793439492566,-0.08383703747387017,-2.528721650424643,-9.112245748668897,-274.7575800334865,-141.9672240919108,141.9672240919108,117.95567310723605,1027.432987159379,18.314440296218407,73.92506163446454
67,2007-06-13 17:45:10.180339000,704.2999877929688,89.16803455878926,2007-06-13 17:45:11.780477000,67.13999938964844,87.57588680059234,2007-06-13 17:45:09.334458000,90.00969191626018,t32,13/6/2007,6232.592424517328,negative,88.3719606796908,2007-06-13 17:45:10.980408000,-1.6377312365693797,-0.8416573574709219,-2.4338051156678375,-91.55157077084533,-264.66790637473804,-178.12693166878552,178.12693166878552,112.99308381453929,983.711051257344,13.859076114985415,78.81581658462001
68,2007-06-13 17:46:03.732710000,964.0999755859375,89.08104878204904,2007-06-13 17:46:02.245693000,69.4000015258789,87.60147988369954,2007-06-13 17:46:04.663961000,90.00763515132935,t32,13/6/2007,6234.572122160199,positive,88.34126433287429,2007-06-13 17:46:02.989201500,-1.6663708184550643,-0.9265863692803151,-2.4061552676298135,-100.82099924353702,-261.74597244866936,-181.29859790185802,181.29859790185802,107.80196067788098,965.7072132338868,1.925502814060496,83.74591576201267
69,2007-06-13 17:46:50.941814000,704.2999877929688,90.39947897964885,2007-06-13 17:46:54.387490000,66.04000091552734,86.96906676300023,2007-06-13 17:46:51.336427000,90.00683510436136,t32,13/6/2007,6233.481735582727,negative,88.68427287132454,2007-06-13 17:46:52.664652000,-1.3225622330368196,0.3926438752874901,-3.0377683413611294,42.71726973432276,-330.33852333496594,-143.87508980478634,143.87508980478634,102.82920693866637,974.3730544678607,310.53147489548326,87.18010843655601
70,2007-06-13 17:47:46.843330000,146.89999389648438,89.18520577557683,2007-06-13 17:47:44.764226000,50.65999984741211,87.11651543165135,2007-06-13 17:47:47.668749000,90.00649043547729,t32,13/6/2007,6229.475170989448,positive,88.15086060361409,2007-06-13 17:47:45.803778000,-1.8556298318631974,-0.8212846599004564,-2.8899750038259384,-89.290995630826,-314.0788888445298,-201.7178113651305,201.7178113651305,97.5753724343075,1011.3964101537138,238.40884566512509,84.57885872858198
71,2007-10-02 04:40:16.918712000,35.84000015258789,90.88911964873569,2007-10-02 04:40:14.358159000,21.40999984741211,88.34136986398516,2007-10-02 04:40:16.023944000,89.9988268404272,t36,2/10/2007,6293.357760946137,positive,89.61524475636043,2007-10-02 04:40:15.638435500,-0.38358208406677363,0.8902928083084873,-1.6574569764420346,97.78566130405495,-182.02937535930448,-42.132270013133386,42.132270013133386,81.14729541612824,1084.9881067382412,81.48944888347211,-56.12801761391027
72,2007-10-02 04:41:08.678506000,125.0999984741211,89.29988964550648,2007-10-02 04:41:09.726212000,34.61000061035156,88.25742039776742,2007-10-02 04:41:07.975586000,89.9992940580239,t36,2/10/2007,6300.769920585453,negative,88.77865502163695,2007-10-02 04:41:09.202359000,-1.220639036386956,-0.6994044125174241,-1.7418736602564877,-76.911019998954,-191.52291340236448,-134.2225208000694,134.2225208000694,76.24104642963154,1018.9866906605768,90.45705583109404,-58.02995394587867
73,2007-10-02 04:41:58.992838000,375.8999938964844,90.96287494470744,2007-10-02 04:41:57.270499000,60.790000915527344,89.24914956406701,2007-10-02 04:41:58.025001000,89.99987816327415,t36,2/10/2007,6304.576673654457,positive,90.10601225438722,2007-10-02 04:41:58.131668500,0.10613409111307703,0.96299678143329,-0.750728599207136,105.95895986532601,-82.60452389762023,11.678523935407096,11.678523935407096,71.64516970254763,983.846401175189,99.62403283781161,-59.189198587403304
74,2007-10-02 04:42:50.552054000,274.79998779296875,90.4257092197422,2007-10-02 04:42:52.200596000,52.369998931884766,88.77940726280212,2007-10-02 04:42:50.979530000,90.00037054266656,t36,2/10/2007,6305.739203525773,negative,89.60255824127216,2007-10-02 04:42:51.376325000,-0.3978123013943957,0.42533867707564355,-1.220963279864435,46.810605583024106,-134.3640560526752,-43.781243423460644,43.781243423460644,66.5994079356593,973.7704014412578,110.23316943017,-59.67728933433297
75,2007-10-02 04:43:41.720644000,235.0,90.69704336440918,2007-10-02 04:43:39.998023000,49.0099983215332,88.97802639007568,2007-10-02 04:43:41.020566000,90.00046666686049,t36,2/10/2007,6303.865343265516,positive,89.83753487724243,2007-10-02 04:43:40.859333500,-0.16293178961805665,0.6965766975486929,-1.0224402767848062,76.63771342543383,-112.48618675401781,-17.926253666955404,17.926253666955404,61.946614145817676,990.9365515271447,120.11420688344084,-59.35637116281399
76,2007-10-02 04:44:32.527537000,171.6999969482422,91.440101294128,2007-10-02 04:44:34.865577000,34.61000061035156,89.11375411576864,2007-10-02 04:44:33.974739000,90.00013726956212,t36,2/10/2007,6298.554632000246,negative,90.27692770494832,2007-10-02 04:44:33.696557000,0.2767904353862036,1.4399640245658816,-0.8863831537934743,158.279325508126,-97.43667116464827,30.427597157386494,30.427597157386494,57.101552835351754,1037.0529762053895,130.05958573758696,-58.24450384846573
77,2007-12-20 22:54:48.002303000,35.84000015258789,94.12560212612152,2007-12-20 22:54:43.971378000,16.979999542236328,90.11583304405212,2007-12-20 22:54:43.856553000,90.0010075707976,t39,20/12/2007,6305.440321480001,positive,92.12071758508682,2007-12-20 22:54:45.986840500,2.1197100142892253,4.124594555323924,0.11482547325452686,453.5225477530351,12.63661460737872,233.22234867027618,233.22234867027618,75.95144009759245,1153.386006689652,106.9931669587281,-79.0356344123558
78,2007-12-20 22:55:35.865845000,146.89999389648438,91.2679598245586,2007-12-20 22:55:38.033612000,32.400001525878906,89.11103379912129,2007-12-20 22:55:37.125197000,90.01490606373463,t39,20/12/2007,6314.844920637948,negative,90.18949681183994,2007-12-20 22:55:36.949728500,0.1745907481053166,1.253053760823974,-0.9038722646133408,138.09410541172133,-99.61600107346253,19.242460824058252,19.242460824058252,72.09854293428195,1068.9163511137983,132.35948802026883,-78.8749181176395
79,2007-12-20 22:56:29.245216000,321.5,92.37349470887966,2007-12-20 22:56:26.543843000,54.130001068115234,89.68562604190629,2007-12-20 22:56:26.885195000,90.02527236222122,t39,20/12/2007,6320.992281748102,positive,91.02956037539298,2007-12-20 22:56:27.894529500,1.0042880131717595,2.3482223466584458,-0.3396463203149267,258.98836643397254,-37.47028513473003,110.78951676391046,110.78951676391046,68.1438771603725,1009.6318538400259,154.014771950659,-76.72660733766394
80,2007-12-20 22:57:19.728386000,375.8999938964844,90.41478696421837,2007-12-20 22:57:21.020195000,70.55999755859375,89.12433624267578,2007-12-20 22:57:20.108202000,90.03632941388486,t39,20/12/2007,6324.871554805054,negative,89.76956160344707,2007-12-20 22:57:20.374290500,-0.2667678104377842,0.3784575503335077,-0.9119931712090761,41.77756213242383,-100.6705231241587,-29.448347752200572,29.448347752200572,64.03808614511536,976.217487297184,169.02435180609348,-73.10006157674108
81,2007-12-20 22:58:10.575437000,274.79998779296875,90.43682524188625,2007-12-20 22:58:08.825221000,61.79999923706055,88.73354062611907,2007-12-20 22:58:10.244810000,90.04317093728237,t39,20/12/2007,6325.419929828188,positive,89.58518293400266,2007-12-20 22:58:09.700329000,-0.45798800327970923,0.39365430460388495,-1.3096303111633034,43.45885883492053,-144.5698168671364,-50.56106432771091,50.56106432771091,60.22914891518167,971.1213923585995,178.0997583692857,-69.00061137027834
82,2007-12-20 22:59:01.685331000,200.89999389648438,90.4576798690041,2007-12-20 22:59:04.139155000,45.869998931884766,88.07570259259592,2007-12-20 22:59:02.141536000,90.00304896565471,t39,20/12/2007,6322.686277435856,negative,89.2666912308,2007-12-20 22:59:02.912243000,-0.7363577348547068,0.4546309033493827,-1.9273463730587963,50.16876347457706,-212.6458269056514,-81.25608588299797,81.25608588299797,56.266601450360035,994.3400476059821,184.6070043484733,-64.24140247441774
83,2007-12-20 22:59:53.045255000,200.89999389648438,90.18463509851881,2007-12-20 22:59:51.148773000,40.849998474121094,88.2976342961465,2007-12-20 22:59:52.863037000,90.00332835719671,t39,20/12/2007,6317.677829529974,positive,89.24113469733265,2007-12-20 22:59:52.097014000,-0.7621936598640531,0.18130674132210345,-1.7056940610502096,19.991623782845846,-188.04934681032205,-84.04025578277074,84.04025578277074,52.818199968819656,1041.8134415044794,188.80101003520568,-59.75178782342444
84,2007-12-20 23:00:44.422726000,107.4000015258789,90.71401807366055,2007-12-20 23:00:47.181011000,26.1200008392334,87.96952891105502,2007-12-20 23:00:45.136876000,90.00344199343988,t39,20/12/2007,6308.87708709419,negative,89.34177349235779,2007-12-20 23:00:45.801868500,-0.6616685010820902,0.710576080220676,-2.0339130823848564,78.24000776883885,-223.90851401198984,-72.8551473948223,72.8551473948223,49.36416885960865,1120.9994583137243,192.14691793704043,-54.90802216764131
85,2008-01-05 21:27:56.877931000,91.76000213623047,90.16722333029065,2008-01-05 21:27:57.682488000,27.450000762939453,89.36669012726452,2008-01-05 21:27:57.048741000,89.99726752631143,t40,5/1/2008,6309.7104100851,negative,89.76695672877759,2008-01-05 21:27:57.280209500,-0.2303107975338463,0.16995580397922083,-0.6305773990469135,18.716393111788356,-69.44107389082949,-25.36295929112069,25.36295929112069,50.86631076797122,1117.3237965069784,116.66687168947196,-16.347875635898863
86,2008-01-05 21:28:49.789819000,274.79998779296875,91.83164924540779,2008-01-05 21:28:47.554513000,47.41999816894531,89.6052942276001,2008-01-05 21:28:47.947147000,89.99792812893477,t40,5/1/2008,6315.996895649572,positive,90.71847173650394,2008-01-05 21:28:48.672166000,0.7205436075691694,1.833721116473015,-0.39263390133467624,202.1056333146299,-43.28163634085546,79.42698870741853,79.42698870741853,46.10924744810086,1056.4358499001341,121.56466913937606,-14.730867823799837
87,2008-01-05 21:29:38.787190000,514.7999877929688,91.25754120269085,2008-01-05 21:29:40.432691000,76.6500015258789,89.61810541152954,2008-01-05 21:29:40.052627000,89.99816943293021,t40,5/1/2008,6319.876455936178,negative,90.4378233071102,2008-01-05 21:29:39.609940500,0.4396538741799816,1.2593717697606337,-0.3800640214006705,138.90086153296434,-41.921762232083154,48.49451258745231,48.49451258745231,41.30926814007572,1022.1379617269428,126.47149258831404,-12.98222913920989
88,2008-01-05 21:30:31.929854000,514.7999877929688,90.97101435285913,2008-01-05 21:30:30.512790000,74.1500015258789,89.56103723471188,2008-01-05 21:30:30.952083000,89.99813352635542,t40,5/1/2008,6320.672891414896,positive,90.2660257937855,2008-01-05 21:30:31.221322000,0.267892267430085,0.9728808265037117,-0.4370962916435417,107.31970192518611,-48.21848847063316,29.552843813261198,29.552843813261198,36.44813022233562,1014.6205434377298,131.42863542035914,-11.096218839340079
89,2008-01-05 21:31:21.136513000,321.5,91.89999353804069,2008-01-05 21:31:22.930072000,57.84000015258789,90.11540417473861,2008-01-05 21:31:23.047867000,89.99819877022877,t40,5/1/2008,6318.454991214269,negative,91.00769885638965,2008-01-05 21:31:22.033292500,1.0095000861608838,1.9017947678119214,0.11720540450984629,209.68731657920182,12.92515021056725,111.31973249209713,111.31973249209713,31.7639409070872,1034.1689027463904,136.22961962167517,-9.168328651702227
90,2008-01-05 21:32:14.787935000,146.89999389648438,91.82483465076712,2008-01-05 21:32:13.043736000,36.9900016784668,90.08935847140856,2008-01-05 21:32:12.952650000,89.99872754351814,t40,5/1/2008,6313.556284705282,positive,90.95709656108784,2008-01-05 21:32:13.915835500,0.9583690175696944,1.8261071072489727,0.09063092789041605,201.18895853023153,9.986830279891697,105.60000478306458,105.60000478306458,27.198142341552742,1081.2606138625588,140.990008428061,-7.173235210512017
91,2008-01-05 21:33:03.888273000,41.810001373291016,92.15202365266396,2008-01-05 21:33:06.192798000,17.260000228881836,89.8580596446991,2008-01-05 21:33:06.051218000,89.99963970784131,t40,5/1/2008,6305.723882156921,negative,91.00504164868153,2008-01-05 21:33:05.040535500,1.0054019408402155,2.1523839448226454,-0.14158006314221439,236.82628859108624,-15.58166909393635,110.64447911044608,110.64447911044608,23.036323398195023,1153.4540789720972,145.491529081959,-5.225215856390013
92,2008-02-22 17:30:02.284020000,91.76000213623047,87.82050574154164,2008-02-22 17:30:04.096325000,26.559999465942383,86.01176342401595,2008-02-22 17:30:00.066812000,90.02664628630505,t41,22/2/2008,6330.478321734945,negative,86.9161345827788,2008-02-22 17:30:03.190172500,-3.1105117035262566,-2.2061405447634144,-4.014882862289099,-243.69114637865212,-443.2321973855904,-343.5044618059039,343.5044618059039,41.445452259311956,1079.073320488115,137.42659288582766,-40.266645345516885
93,2008-02-22 17:30:53.799376000,171.6999969482422,87.90300462692903,2008-02-22 17:30:52.304787000,36.9900016784668,86.41242772264923,2008-02-22 17:30:55.943246000,90.03613174725405,t41,22/2/2008,6335.769475809638,positive,87.15771617478913,2008-02-22 17:30:53.052081500,-2.8784155724649167,-2.133127120325014,-3.6237040246048196,-235.82679009187666,-400.44224250173704,-318.16143257037004,318.16143257037004,36.90069982315523,1028.2205583531756,143.26248957998575,-38.30679016205327
94,2008-02-22 17:31:45.129158000,235.0,87.96863200320513,2008-02-22 17:31:46.887381000,34.61000061035156,86.21918852550334,2008-02-22 17:31:43.041134000,90.0462294743337,t41,22/2/2008,6338.723862089776,negative,87.09391026435424,2008-02-22 17:31:46.008269500,-2.952319209979464,-2.07759747112857,-3.8270409488303585,-229.79756995657328,-423.0769133940397,-326.47528745221234,326.47528745221234,32.07303870935409,1002.069659027293,149.22559376053627,-35.87338736381335
95,2008-02-22 17:32:38.049159000,235.0,89.14056092898318,2008-02-22 17:32:36.262745000,39.52000045776367,87.36309720305144,2008-02-22 17:32:40.682502000,91.76912233740457,t41,22/2/2008,6338.444372811064,positive,88.25182906601731,2008-02-22 17:32:37.155952000,-3.51729327138726,-2.6285614084213904,-4.406025134353129,-290.68714338164574,-486.94386584062755,-388.862283872073,388.862283872073,27.53724810251406,1004.6428645573542,154.66419803267704,-33.243510349612805
96,2008-02-22 17:33:23.178543000,171.6999969482422,91.9076829639962,2008-02-22 17:33:25.487032000,36.9900016784668,89.60161032780888,2008-02-22 17:33:21.084346000,94.08811173879725,t41,22/2/2008,6335.390246400653,negative,90.75464664590254,2008-02-22 17:33:24.332787500,-3.3334650928947127,-2.180428774801058,-4.486501410988367,-241.03927493057526,-495.580992034977,-368.38472641368287,368.38472641368287,23.60187102469876,1031.225377120936,159.34973250111648,-30.64307832250113
97,2008-02-22 17:34:23.120905000,67.1500015258789,91.20596935627691,2008-02-22 17:34:22.024664000,22.1299991607666,90.11521955973149,2008-02-22 17:34:27.276377000,94.45062824640875,t41,22/2/2008,6328.7119530748805,positive,90.6605944580042,2008-02-22 17:34:22.572784500,-3.790033788404557,-3.244658890131845,-4.335408686677269,-358.2033073707678,-478.418796896128,-418.33000307377915,418.33000307377915,19.315769010700013,1095.2717463846855,164.66235005995534,-27.302677747844854
98,2008-03-25 14:25:33.322747000,41.810001373291016,92.2911341331228,2008-03-25 14:25:30.971237000,22.5,89.9512403011322,2008-03-25 14:25:31.013700000,89.99363433399141,t42,25/3/2008,6337.691385281064,positive,91.1211872171275,2008-03-25 14:25:32.146992000,1.1275528831360901,2.297499799131387,-0.04239403285920673,254.06658218950926,-4.689355387194226,124.71461256046975,124.71461256046975,33.60924015497643,1095.0344464341097,142.5088201726052,-33.81989484839683
99,2008-03-25 14:26:22.424149000,91.76000213623047,91.5429723144025,2008-03-25 14:26:24.247342000,30.829999923706055,89.72889715387646,2008-03-25 14:26:23.982174000,89.99273896707042,t42,25/3/2008,6344.172711503404,negative,90.63593473413948,2008-03-25 14:26:23.335745500,0.6431957670690593,1.5502333473320817,-0.26384181319396305,171.63128345547463,-29.21423061011126,71.21745028071582,71.21745028071582,28.950099169612496,1036.7941178404767,147.82353451436373,-31.525582691968705
100,2008-03-25 14:27:15.766402000,107.4000015258789,91.73257039821601,2008-03-25 14:27:13.900879000,35.189998626708984,89.87637690640986,2008-03-25 14:27:14.016374000,89.99129462010951,t42,25/3/2008,6347.5128314839385,positive,90.80447365231294,2008-03-25 14:27:14.833640500,0.813179032203422,1.7412757781064983,-0.1149177136996542,192.87754009390324,-12.73115017206981,90.0850132413226,90.0850132413226,24.27977653065965,1005.1197059750756,153.0271306687204,-28.941800937438316
101,2008-03-25 14:28:04.939898000,107.4000015258789,92.02980263250902,2008-03-25 14:28:06.970772000,32.939998626708984,90.00908515788524,2008-03-25 14:28:06.989935000,89.99001754169795,t42,25/3/2008,6347.965493847104,negative,91.01944389519713,2008-03-25 14:28:05.955335000,1.0294263534991757,2.0397850908110655,0.019067616187285807,225.94596741439906,2.112556429133614,114.04699354641954,114.04699354641954,19.83202757950209,1001.1035272385379,157.98180921876212,-26.161317297544258
102,2008-03-25 14:28:58.408166000,91.76000213623047,91.38112695489326,2008-03-25 14:28:56.665755000,31.860000610351562,89.64575839042664,2008-03-25 14:28:57.009409000,89.98936524857095,t42,25/3/2008,6345.444132693035,positive,90.51344267265995,2008-03-25 14:28:57.536960500,0.5240774240890005,1.3917617063223133,-0.34360685814431235,154.1209103616778,-38.05385093383928,58.04018503003647,58.04018503003647,15.806374691495925,1024.8430399342221,162.7161460889063,-23.209660683565676
103,2008-03-25 14:29:47.911769000,67.1500015258789,91.0627921258747,2008-03-25 14:29:49.894574000,26.559999465942383,89.08542943000793,2008-03-25 14:29:48.990247000,89.98970714451626,t42,25/3/2008,6339.768527154769,negative,90.07411077794131,2008-03-25 14:29:48.903171500,0.08440363342505464,1.0730849813584342,-0.904277714508325,118.72973428256367,-100.05402567105352,9.339244701403466,9.339244701403466,12.706626641397145,1075.6742465428838,167.1332571675445,-20.20053258412966
104,2008-05-12 09:59:19.279571000,35.84000015258789,90.75106675207098,2008-05-12 09:59:21.019179000,17.549999237060547,89.01506161689758,2008-05-12 09:59:19.930952000,90.10294374124531,t43,12/5/2008,6329.4911808848765,negative,89.88306418448428,2008-05-12 09:59:20.149375000,-0.219879556761029,0.648123010825671,-1.087882124347729,71.59692091377825,-120.1716190462451,-24.29013639634514,24.29013639634514,42.7293849287087,1129.405347157229,123.71005041969588,9.564729890011927
105,2008-05-12 10:00:10.818325000,125.0999984741211,89.84849615428539,2008-05-12 10:00:08.773468000,33.4900016784668,87.81386091955937,2008-05-12 10:00:11.056006000,90.0849888996425,t43,12/5/2008,6336.3208361255865,positive,88.83117853692238,2008-05-12 10:00:09.795896500,-1.2538103627201167,-0.2364927453571113,-2.271127980083122,-26.153578287798553,-251.09750642194385,-138.64739671927558,138.64739671927558,40.18233818774662,1062.0008341316177,127.76044786346259,12.244580329201314
106,2008-05-12 10:01:02.891609000,235.0,90.13713780764374,2008-05-12 10:01:04.614694000,38.869998931884766,88.42267179220289,2008-05-12 10:01:02.952887000,90.07616641701546,t43,12/5/2008,6341.418476146222,negative,89.27990479992332,2008-05-12 10:01:03.753151500,-0.7962616170921422,0.06097139062828205,-1.6534946248125664,6.748228811237834,-182.98112113049774,-88.1263094085018,88.1263094085018,37.75350619266997,1016.6130016721327,132.39978408879438,15.177157674277815
107,2008-05-12 10:01:53.594324000,235.0,90.62066780505847,2008-05-12 10:01:51.705234000,34.04999923706055,88.74102408749968,2008-05-12 10:01:53.036431000,90.06556477527815,t43,12/5/2008,6343.02566848922,positive,89.68084594627908,2008-05-12 10:01:52.649779000,-0.38471882899906973,0.5551030297803266,-1.324540687778466,61.45265346475179,-146.62244476398126,-42.59062519416679,42.59062519416679,35.9932084044258,1001.4764299280979,136.78675991670005,17.79378009100494
108,2008-05-12 10:02:45.102580000,200.89999389648438,90.92727177609413,2008-05-12 10:02:46.999892000,39.52000045776367,89.03444790840149,2008-05-12 10:02:45.978565000,90.05566752859697,t43,12/5/2008,6341.641794586547,negative,89.98085984224781,2008-05-12 10:02:46.051236000,-0.07480768634916046,0.8716042474971601,-1.021219620195481,96.46764186619656,-113.02518595937556,-8.279901583573626,8.279901583573626,34.67910141005726,1013.5715566587672,141.72960603007775,20.539387476262252
109,2008-05-12 10:03:35.604171000,107.4000015258789,89.63853995006957,2008-05-12 10:03:34.624819000,33.4900016784668,88.6591842167627,2008-05-12 10:03:36.016114000,90.05040365715176,t43,12/5/2008,6337.69872296668,positive,89.14886208341613,2008-05-12 10:03:35.114495000,-0.9015415737356278,-0.41186370708219044,-1.3912194403890652,-45.55738018901272,-153.8728221190661,-99.71874298547391,99.71874298547391,34.10003195673642,1050.7720948956692,146.35898545777337,22.903092791923402
110,2008-05-12 10:04:28.046927000,30.489999771118164,90.97769888406583,2008-05-12 10:04:31.017472000,17.549999237060547,88.02200584738785,2008-05-12 10:04:29.074487000,89.95527806170755,t43,12/5/2008,6330.0550601439145,negative,89.49985236572684,2008-05-12 10:04:29.532199500,-0.4554256959807077,1.022420822358285,-1.9332722143197003,112.9513671296418,-213.5479724772075,-50.315038884677506,50.315038884677506,34.16264051046868,1120.2894612809068,151.52464931062866,25.29447657228847
111,2008-12-05 14:23:55.018337000,78.18000030517578,88.68052620317121,2008-12-05 14:23:53.035693000,31.34000015258789,86.70781258652733,2008-12-05 14:23:56.347874000,90.00514384746687,t48,5/12/2008,6283.4264749294325,positive,87.69416939484927,2008-12-05 14:23:54.027015000,-2.3109744526176,-1.3246176442956568,-3.2973312609395435,-145.2532146930988,-361.40714469201157,-253.36772307484003,253.36772307484003,19.98034780622241,1023.9744223449953,169.45948151077948,-17.086721530568568
112,2008-12-05 14:24:44.286962000,125.0999984741211,88.38133228812512,2008-12-05 14:24:46.462313000,37.599998474121094,86.21452527188922,2008-12-05 14:24:42.654830000,90.00531549847551,t48,5/12/2008,6288.651461296109,negative,87.29792878000717,2008-12-05 14:24:45.374637500,-2.7073867184683422,-1.6239832103503886,-3.790790226586296,-178.2207537620773,-415.7648342839907,-297.0458966287067,297.0458966287067,21.760594684250666,978.9038583571228,173.7562646725995,-14.067471624228544
113,2008-12-05 14:25:37.613980000,171.6999969482422,88.28231060671988,2008-12-05 14:25:35.182020000,44.380001068115234,85.85844067939797,2008-12-05 14:25:39.345340000,90.0049941231838,t48,5/12/2008,6290.5987987010185,positive,87.07037564305892,2008-12-05 14:25:36.398000000,-2.9346184801248825,-1.7226835164639311,-4.146553443785834,-189.10778951138713,-454.8596877057105,-322.05578268493826,322.05578268493826,24.49031534005911,960.8783177438094,177.98718276907687,-10.938894547910104
114,2008-12-05 14:26:27.594017000,200.89999389648438,88.0699179393414,2008-12-05 14:26:29.547161000,40.18000030517578,86.12652677109872,2008-12-05 14:26:25.303238000,90.00436408158858,t48,5/12/2008,6289.455246002034,negative,87.09822235522006,2008-12-05 14:26:28.570589000,-2.906141726368517,-1.9344461422471824,-3.877837310489852,-212.30710555382515,-425.3518923578516,-318.8753549109326,318.8753549109326,27.97283276078519,970.4626387352107,182.23193811892708,-7.673375983517394
115,2008-12-05 14:27:20.063466000,125.0999984741211,87.72866027468626,2008-12-05 14:27:18.138566000,35.189998626708984,85.81340856267343,2008-12-05 14:27:22.348071000,90.0035634568664,t48,5/12/2008,6285.544528539039,positive,86.77103441867985,2008-12-05 14:27:19.101016000,-3.2325290381865557,-2.2749031821801395,-4.190154894192972,-249.49915542884662,-459.26480087647616,-354.4314819651823,354.4314819651823,31.742047357052073,1006.5336056701557,186.22932726072895,-4.512992230497226
116,2008-12-21 12:58:25.392922000,91.76000213623047,87.04529273419575,2008-12-21 12:58:23.871654000,31.860000610351562,85.53164441396257,2008-12-21 12:58:28.454845000,90.09415432093184,t49,21/12/2008,6279.648140302778,positive,86.28846857407916,2008-12-21 12:58:24.632288000,-3.8056857468526744,-3.0488615867360807,-4.562509906969268,-333.9991870357835,-499.52521958670513,-416.7985642104114,416.7985642104114,79.67489076517118,1010.179453840108,231.2986618080913,-52.190929613646645
117,2008-12-21 12:59:17.838030000,146.89999389648438,86.82004387233974,2008-12-21 12:59:19.281300000,40.18000030517578,85.37757229766794,2008-12-21 12:59:14.544175000,90.0974581920313,t49,21/12/2008,6283.515530369147,negative,86.09880808500384,2008-12-21 12:59:18.559665000,-3.9986501070274585,-3.277414319691559,-4.719885894363358,-359.23160938240574,-517.0353740647166,-438.16820650240277,438.16820650240277,81.43083146855946,976.5294511740225,234.84225392750315,-47.28286818852477
118,2008-12-21 13:00:07.864715000,200.89999389648438,86.52317102649613,2008-12-21 13:00:06.324987000,48.209999084472656,84.98345460901692,2008-12-21 13:00:11.460704000,90.10182013130104,t49,21/12/2008,6284.006229636015,positive,85.75331281775652,2008-12-21 13:00:07.094851000,-4.348507313544516,-3.57864910480491,-5.1183655222841224,-392.23891577073914,-560.618580222349,-476.4717587310946,476.4717587310946,83.08772742940864,971.9296971360312,237.5344007168891,-42.740007065099505
119,2008-12-21 13:01:00.868188000,200.89999389648438,85.78981023263623,2008-12-21 13:01:02.014017000,42.93000030517578,84.6510508360152,2008-12-21 13:00:56.532187000,90.10850725432768,t49,21/12/2008,6281.236875529752,negative,85.22043053432571,2008-12-21 13:01:01.441102500,-4.888076720001962,-4.318697021691449,-5.457456418312475,-473.00307105675074,-597.3872025617245,-535.2215644700719,535.2215644700719,84.98623361073913,995.7804576284154,240.1041659876901,-37.61623752349884
120,2008-12-21 13:01:50.565640000,146.89999389648438,86.22038221006733,2008-12-21 13:01:49.242876000,36.380001068115234,84.90424288413487,2008-12-21 13:01:54.482686000,90.12021768593146,t49,21/12/2008,6276.196681556932,positive,85.5623125471011,2008-12-21 13:01:49.904258000,-4.557905138830364,-3.899835475864137,-5.215974801796591,-426.85936127794054,-570.5705596459698,-498.7478565873257,498.7478565873257,86.679228683799,1042.409041830208,242.0756503319544,-33.09768370985699
121,2009-02-07 08:49:12.613094000,200.89999389648438,91.6254721994028,2009-02-07 08:49:09.316984000,36.380001068115234,88.34584117332815,2009-02-07 08:49:10.990763000,90.01125197976138,t50,7/2/2009,6272.31442619003,positive,89.98565668636547,2009-02-07 08:49:10.965039000,-0.02559529339590938,1.6142202196414104,-1.6654108064332291,176.68940855726328,-182.29107686442006,-2.8019816474167447,2.8019816474167447,131.01551770926125,1019.3872237735726,312.20343762391605,-42.917218035904064
122,2009-02-07 08:50:03.221992000,375.8999938964844,89.79957640278917,2009-02-07 08:50:05.209902000,59.790000915527344,87.82160342858515,2009-02-07 08:50:03.010256000,90.0102536504358,t50,7/2/2009,6277.118276425521,negative,88.81058991568716,2009-02-07 08:50:04.215947000,-1.1996637347486399,-0.21067724764662898,-2.1886502218506507,-23.080984897442917,-239.72228919085006,-131.42121467560509,131.42121467560509,133.86970316230364,978.577745224727,308.9521913259589,-38.20519500392568
123,2009-02-07 08:50:52.326177000,824.0,88.35165143013,2009-02-07 08:50:51.942425000,87.51000213623047,87.96818727773098,2009-02-07 08:50:53.983906000,90.00938043158352,t50,7/2/2009,6278.383258111405,positive,88.15991935393049,2009-02-07 08:50:52.134301000,-1.8494610776530322,-1.657729001453518,-2.0411931538525465,-181.62604774457486,-223.6234914037434,-202.62590408552228,202.62590408552228,136.16729482770427,966.8263309335783,306.33627489893496,-33.83300187560257
124,2009-02-07 08:51:45.689021000,704.2999877929688,90.33491346998562,2009-02-07 08:51:48.392167000,77.93000030517578,87.63528247409704,2009-02-07 08:51:46.017143000,90.00834687885326,t50,7/2/2009,6276.467883466138,negative,88.98509797204133,2009-02-07 08:51:47.040594000,-1.0232489068119293,0.3265665911323623,-2.373064404756221,35.77355331866766,-259.88309443779855,-112.08587370812408,112.08587370812408,138.36861718461859,982.7580244672962,303.65393643400347,-28.7660996950695
125,2009-02-07 08:52:37.039629000,125.0999984741211,90.05992716371111,2009-02-07 08:52:35.018731000,31.860000610351562,88.04913220305025,2009-02-07 08:52:36.986582000,90.00714547139512,t50,7/2/2009,6272.151228525205,positive,89.05452968338068,2009-02-07 08:52:36.029180000,-0.952615788014441,0.05278169231598895,-1.958013268344871,5.77799468464563,-214.3013881774878,-104.27775065683831,104.27775065683831,139.86436190983764,1023.1401249976523,301.50874350973737,-24.276889934227302
126,2009-03-27 04:42:20.588704000,107.4000015258789,90.93206356128212,2009-03-27 04:42:18.557254000,34.61000061035156,88.91077519381088,2009-03-27 04:42:19.664001000,90.01198660841571,t51,27/3/2009,6278.91060910472,positive,89.9214193775465,2009-03-27 04:42:19.572979000,-0.09056723086921181,0.9200769528664097,-1.1012114146048333,100.82475013449924,-120.67175635495146,-9.925047093592017,9.925047093592017,82.10331186997159,993.1489099372959,231.90352545435573,-37.984125748150745
127,2009-03-27 04:43:09.471431000,125.0999984741211,90.87213986802362,2009-03-27 04:43:11.372446000,39.52000045776367,88.98062669501815,2009-03-27 04:43:10.335034000,90.01285463858186,t51,27/3/2009,6282.070012860351,negative,89.92638328152088,2009-03-27 04:43:10.421938500,-0.08647135706097231,0.8592852294417668,-1.0322279435637114,94.21091158002369,-113.17024557295102,-9.480958590042775,9.480958590042775,83.43834742028976,966.1369353783332,233.85489926591214,-33.10380650161521
128,2009-03-27 04:44:03.022480000,125.0999984741211,91.36348536005244,2009-03-27 04:44:01.021332000,42.93000030517578,89.3723491524297,2009-03-27 04:44:01.665229000,90.01302549448096,t51,27/3/2009,6282.052054877827,positive,90.36791725624107,2009-03-27 04:44:02.021906000,0.35489176176011483,1.3504598655714801,-0.6406763420512505,148.054075892665,-70.24388695004085,38.910968388239624,38.910968388239624,84.85410097242038,966.1509209362919,235.63877223972867,-28.085454406398824
129,2009-03-27 04:44:53.181284000,146.89999389648438,90.17065491966059,2009-03-27 04:44:54.392262000,35.189998626708984,88.96376984687049,2009-03-27 04:44:53.340188000,90.01254518157673,t51,27/3/2009,6278.810118639085,negative,89.56721238326554,2009-03-27 04:44:53.786773000,-0.4453327983111848,0.15810973808386564,-1.0487753347062352,17.32657748639845,-114.9245811219745,-48.801708439686664,48.801708439686664,86.30294856564072,993.9213170025774,237.25677687194715,-23.069576119984333
130,2009-03-27 04:45:45.127491000,91.76000213623047,90.47778980946168,2009-03-27 04:45:43.718675000,26.559999465942383,89.07461667060852,2009-03-27 04:45:44.659336000,90.01197763566262,t51,27/3/2009,6273.042657152144,positive,89.7762032400351,2009-03-27 04:45:44.423083000,-0.2357743956275158,0.4658121737990655,-0.937360965054097,50.99899978499539,-102.62262019961004,-25.813745438561522,25.813745438561522,87.71485291385532,1047.360754667649,238.69541603272074,-18.259333172853676
131,2010-07-07 00:20:53.355399000,30.489999771118164,91.3236227399857,2010-07-07 00:20:51.365064000,19.06999969482422,89.34324155319064,2010-07-07 00:20:52.027937000,90.00279945812146,t71,7/7/2010,5924.634296704434,positive,90.33343214658817,2010-07-07 00:20:52.360231500,0.33063268846670724,1.3208232818642358,-0.6595579049308213,136.56680989936555,-68.1996669808224,34.18867690679809,34.18867690679809,91.15143638869819,1061.4570592249754,320.6894328498208,-53.08112851807965
132,2010-07-07 00:21:43.621783000,78.18000030517578,90.35132778181742,2010-07-07 00:21:45.337233000,27.0,88.64445552946927,2010-07-07 00:21:43.971675000,90.00318551426959,t71,7/7/2010,5929.525642504094,negative,89.49789165564334,2010-07-07 00:21:44.479508000,-0.5052938586262457,0.3481422675478285,-1.3587299848003198,36.02893297899963,-140.60144121846815,-52.29205500752209,52.29205500752209,87.06363897336128,1020.6403775907643,313.06393026862264,-54.95427416644665
133,2010-07-07 00:22:36.248726000,91.76000213623047,91.22248428480816,2010-07-07 00:22:34.138755000,31.34000015258789,89.1187584400177,2010-07-07 00:22:35.023286000,90.00317319277548,t71,7/7/2010,5931.357287168095,positive,90.17062136241293,2010-07-07 00:22:35.193740500,0.1674481696374528,1.219311092032683,-0.8844147527577775,126.21564659546704,-91.55249511096422,17.334496812993223,17.334496812993223,83.02880196154037,1004.4188728974636,304.8995481389068,-56.29378706994199
134,2010-07-07 00:23:26.233096000,78.18000030517578,90.74307213289012,2010-07-07 00:23:28.310044000,27.450000762939453,88.66995930671692,2010-07-07 00:23:26.977082000,90.00280650342549,t71,7/7/2010,5930.389455863431,negative,89.70651571980352,2010-07-07 00:23:27.271570000,-0.2962907836219699,0.7402656294646306,-1.3328471967085704,76.61893047307683,-137.94366966380622,-30.667388114328467,30.667388114328467,78.89088596138473,1012.2192443926439,296.01544979817123,-57.074128439784445
135,2010-07-07 00:24:18.580723000,30.489999771118164,90.55282110055941,2010-07-07 00:24:16.814362000,22.5,88.795293085921,2010-07-07 00:24:18.027445000,90.00230983674837,t71,7/7/2010,5926.895053004121,positive,89.67405709324021,2010-07-07 00:24:17.697542500,-0.32825274350815903,0.5505112638110461,-1.2070167508273641,56.94611908768051,-124.84920428483765,-33.95553626090162,33.95553626090162,74.95141804736997,1043.2348656041465,287.2958957079616,-57.211967876265696
136,2012-05-22 01:08:09.220804000,107.4000015258789,89.88283371925354,2012-05-22 01:08:11.310889000,27.90999984741211,87.79430228079764,2012-05-22 01:08:09.105367000,89.99827084029336,t83,22/5/2012,5879.472860814526,negative,88.83856800002559,2012-05-22 01:08:10.265846500,-1.1597028402677694,-0.11543712103981818,-2.2039685594957206,-11.84570603414496,-226.10701934078185,-118.99612635703544,118.99612635703544,82.51504265554695,1019.2281564510479,89.89948000700926,71.81128624116786
137,2012-05-22 01:09:00.530525000,171.6999969482422,90.6265312929745,2012-05-22 01:08:58.029313000,44.380001068115234,88.13782443945092,2012-05-22 01:08:59.898910000,89.99807523268817,t83,22/5/2012,5884.284333459005,positive,89.38217786621271,2012-05-22 01:08:59.279919000,-0.6158973664754512,0.6284560602863394,-1.8602507932372419,64.5412285136829,-191.01444556808602,-63.2515250008792,63.2515250008792,77.94708193677434,977.034344137894,104.54809557426873,73.01265983735594
138,2012-05-22 01:09:52.178337000,235.0,89.9212416773662,2012-05-22 01:09:53.822223000,55.959999084472656,88.28557700943747,2012-05-22 01:09:52.100908000,89.99828346780221,t83,22/5/2012,5887.029845351861,negative,89.10340934340184,2012-05-22 01:09:53.000280000,-0.8948741244003742,-0.077041790436013,-1.7127064583647353,-7.915891655873792,-175.95104926217826,-91.94283666746048,91.94283666746048,72.84878125949251,955.334802059471,122.07128888481006,72.9911075873089
139,2012-05-22 01:10:42.815668000,200.89999389648438,89.91938209533691,2012-05-22 01:10:40.910517000,43.650001525878906,88.05941964725389,2012-05-22 01:10:42.891079000,89.99479269667118,t83,22/5/2012,5886.675879888552,positive,88.9894008712954,2012-05-22 01:10:41.863092500,-1.0053918253757814,-0.07541060133426924,-1.9353730494172936,-7.7478244221387875,-198.80604687079253,-103.29054144762212,103.29054144762212,68.18801827751457,958.2875611971474,136.93127413582883,71.7192910556112
140,2012-05-22 01:11:33.055832000,146.89999389648438,92.03818205121206,2012-05-22 01:11:36.260042000,31.860000610351562,88.84369492530823,2012-05-22 01:11:35.129761000,89.97397551004242,t83,22/5/2012,5883.161221745326,negative,90.44093848826014,2012-05-22 01:11:34.657937000,0.4669629782177225,2.0642065411696393,-1.1302805847341943,211.90798114649652,-116.05028637493086,47.947477034538935,47.947477034538935,63.1947337509696,985.7093615845912,150.06572047205523,69.28461525830406
141,2012-05-22 01:12:26.606112000,57.45000076293945,91.70184562025315,2012-05-22 01:12:23.990927000,20.040000915527344,89.09468674659729,2012-05-22 01:12:24.857879000,89.96163911386103,t83,22/5/2012,5877.615496871968,positive,90.39826618342522,2012-05-22 01:12:25.298519500,0.43662706956419584,1.740206506392127,-0.8669523672637354,178.4894512284508,-88.93182486177469,44.790405386950106,44.790405386950106,58.50822790884589,1035.125987796135,159.64694772273904,66.28640039231458
