Peak Time,Peak Energy,Peak Elevation,Peak Azimuth,Azimuthal Ram Angle,Heavy Anion Azimuth Angle,Flyby,Spacecraft Potential (LP),Instrument,Actuation Direction,Heavy Cation Azimuth Angle,Heavy Anion Azimuthal Deflection,Heavy Cation Azimuthal Deflection,Azimuthal Angle to Ram,Abs Azimuthal Angle to Ram,Deflection from Bulk,Bulk Deflection from Ram
14:53.0,3.006394603,0.934407903,94.03678441,89.99901445,92.04735565,t17,-0.683333333,els,negative,,1.989428758,,4.037769957,4.037769957,1.230232888,0.75919587
14:53.8,7.254768683,0.278640676,93.23984495,89.99903287,92.04735565,t17,-0.683333333,els,negative,,1.192489295,,3.24081208,3.24081208,0.433293425,0.75919587
14:53.9,13.63085364,0.597224942,93.16862085,89.99903506,92.04735565,t17,-0.683333333,els,negative,,1.121265203,,3.169585791,3.169585791,0.362069333,0.75919587
14:58.3,3.191525872,,88.72317147,89.9989582,,t17,-0.6875,ibs,negative,87.06236267,,1.660808802,-1.275786725,1.275786725,0.901612932,0.75919587
14:59.1,5.102326918,,87.9926017,89.99896378,,t17,-0.688333333,ibs,negative,87.06236267,,0.930239025,-2.006362088,2.006362088,0.171043155,0.75919587
14:59.1,9.161988557,,87.94613507,89.99896441,,t17,-0.688333333,ibs,negative,87.06236267,,0.883772396,-2.052829343,2.052829343,0.124576526,0.75919587
14:59.1,7.150138641,,87.92951541,89.99896464,,t17,-0.688333333,ibs,negative,87.06236267,,0.867152737,-2.069449234,2.069449234,0.107956867,0.75919587
14:59.3,11.37877564,,87.7809327,89.9989669,,t17,-0.688333333,ibs,negative,87.06236267,,0.718570025,-2.218034204,2.218034204,-0.040625845,0.75919587
14:59.5,13.27472457,,87.57370459,89.9989706,,t17,-0.688333333,ibs,negative,87.06236267,,0.511341916,-2.425266014,2.425266014,-0.247853954,0.75919587
14:59.6,15.50192752,,87.45948921,89.99897292,,t17,-0.688333333,ibs,negative,87.06236267,,0.397126537,-2.53948371,2.53948371,-0.362069333,0.75919587
15:48.8,14.00269423,0.802021522,90.84146233,89.99851569,91.04743195,t17,-0.69,els,positive,,-0.205969618,,0.842946634,0.842946634,0.456277862,-0.66224748
15:49.0,7.200085448,0.811020334,91.03063626,89.99851299,91.04743195,t17,-0.69,els,positive,,-0.016795682,,1.032123269,1.032123269,0.645451799,-0.66224748
15:49.9,3.012995767,0.83903055,91.90997466,89.99849935,91.04743195,t17,-0.69,els,positive,,0.862542717,,1.911475312,1.911475312,1.524790197,-0.66224748
15:49.9,3.237691868,,91.95688876,89.99849857,,t17,-0.69,ibs,positive,94.03742981,,-2.08054105,1.958390188,1.958390188,-1.41829357,-0.66224748
15:50.2,5.139377626,,92.22732453,89.99849398,,t17,-0.690416667,ibs,positive,94.03742981,,-1.810105281,2.228830546,2.228830546,-1.147857801,-0.66224748
15:50.4,7.191833107,,92.42984859,89.99849211,,t17,-0.690416667,ibs,positive,94.03742981,,-1.607581215,2.431356481,2.431356481,-0.945333734,-0.66224748
15:50.6,9.217003671,,92.6258506,89.99849126,,t17,-0.690416667,ibs,positive,94.03742981,,-1.411579209,2.627359346,2.627359346,-0.749331729,-0.66224748
15:50.8,11.41820317,,92.82850396,89.99849028,,t17,-0.690416667,ibs,positive,94.03742981,,-1.208925854,2.830013678,2.830013678,-0.546678374,-0.66224748
15:50.8,13.279758,,92.83711954,89.99849023,,t17,-0.690416667,ibs,positive,94.03742981,,-1.200310272,2.838629304,2.838629304,-0.538062791,-0.66224748
15:50.9,15.57760249,,92.91890447,89.99848981,,t17,-0.690416667,ibs,positive,94.03742981,,-1.118525342,2.920414655,2.920414655,-0.456277862,-0.66224748
16:34.9,3.085043812,0.726780153,95.10135693,89.99805094,93.03749084,t17,-0.7,els,negative,,2.063866087,,5.103305993,5.103305993,1.077034123,0.986831964
16:35.3,7.351741514,0.828431913,94.73886895,89.99804771,93.03749084,t17,-0.7,els,negative,,1.701378107,,4.740821244,4.740821244,0.714546143,0.986831964
16:36.0,13.94029826,0.514735521,94.05139995,89.99804132,93.03749084,t17,-0.7,els,negative,,1.013909101,,4.053358623,4.053358623,0.027077138,0.986831964
16:38.6,3.292345953,,91.44328763,89.99801571,,t17,-0.699375,ibs,negative,88.0625,,3.380787631,1.445271926,1.445271926,2.393955667,0.986831964
16:40.0,5.187598161,,90.01974867,89.99800441,,t17,-0.698125,ibs,negative,88.0625,,1.957248671,0.021744261,0.021744261,0.970416707,0.986831964
16:40.4,7.246870851,,89.68275373,89.99800162,,t17,-0.698125,ibs,negative,88.0625,,1.620253732,-0.315247886,0.315247886,0.633421768,0.986831964
16:40.7,9.312472144,,89.37152312,89.997999,,t17,-0.698125,ibs,negative,88.0625,,1.309023124,-0.626475877,0.626475877,0.32219116,0.986831964
16:40.9,13.39637323,,89.17322577,89.99799732,,t17,-0.698125,ibs,negative,88.0625,,1.110725766,-0.82477155,0.82477155,0.123893802,0.986831964
16:40.9,11.51790328,,89.14532902,89.99799708,,t17,-0.698125,ibs,negative,88.0625,,1.082829017,-0.85266806,0.85266806,0.095997053,0.986831964
16:41.0,15.77540882,,89.02225483,89.99799602,,t17,-0.6975,ibs,negative,88.0625,,0.959754826,-0.975741196,0.975741196,-0.027077138,0.986831964
17:31.8,13.72643512,0.444042909,90.89035725,89.99769427,92.04756927,t17,-0.6775,els,positive,,-1.157212023,,0.892662983,0.892662983,-0.633136375,-0.524075648
17:32.7,7.451668339,0.830732012,91.72883516,89.99769187,92.04756927,t17,-0.67875,els,positive,,-0.318734117,,1.73114329,1.73114329,0.205341531,-0.524075648
17:33.0,3.128053543,0.792136124,92.02214991,89.99768997,92.04756927,t17,-0.67875,els,positive,,-0.025419363,,2.024459938,2.024459938,0.498656285,-0.524075648
17:33.7,5.221017807,,92.71435884,89.99768608,,t17,-0.68,ibs,positive,93.04256821,,-0.328209371,2.716672752,2.716672752,0.195866277,-0.524075648
17:33.7,3.298122081,,92.71920062,89.99768606,,t17,-0.68,ibs,positive,93.04256821,,-0.323367584,2.721514564,2.721514564,0.200708065,-0.524075648
17:33.8,7.288707535,,92.81196533,89.9976856,,t17,-0.68,ibs,positive,93.04256821,,-0.230602875,2.814279731,2.814279731,0.293472773,-0.524075648
17:33.8,9.361411085,,92.89055127,89.99768522,,t17,-0.68,ibs,positive,93.04256821,,-0.152016941,2.892866042,2.892866042,0.372058707,-0.524075648
17:34.0,11.57057657,,93.00479515,89.99768469,,t17,-0.68,ibs,positive,93.04256821,,-0.037773058,3.007110454,3.007110454,0.48630259,-0.524075648
17:34.0,13.4921335,,93.06805698,89.99768441,,t17,-0.68125,ibs,positive,93.04256821,,0.025488772,3.070372568,3.070372568,0.549564421,-0.524075648
17:34.1,15.86212505,,93.15162893,89.99768405,,t17,-0.68125,ibs,positive,93.04256821,,0.109060727,3.153944886,3.153944886,0.633136375,-0.524075648
18:17.6,2.957194836,0.50546402,95.42200375,89.99770594,94.03762817,t17,-0.705,els,negative,,1.384375575,,5.424297808,5.424297808,1.092337244,0.29203833
18:17.9,7.322115428,0.240005493,95.15193411,89.99770735,94.03762817,t17,-0.705,els,negative,,1.114305932,,5.154226754,5.154226754,0.822267602,0.29203833
18:18.5,13.55419103,0.346980532,94.54397424,89.99771137,94.03762817,t17,-0.70375,els,negative,,0.506346063,,4.546262864,4.546262864,0.214307733,0.29203833
18:22.5,3.220946837,,90.56691375,89.99772591,,t17,-0.69875,ibs,negative,89.05763626,,1.509277492,0.56918784,0.56918784,1.217239162,0.29203833
18:23.1,5.167728979,,89.93094302,89.99772782,,t17,-0.6975,ibs,negative,89.05763626,,0.873306758,-0.066784802,0.066784802,0.581268427,0.29203833
18:23.4,7.210457245,,89.60979609,89.99772929,,t17,-0.6975,ibs,negative,89.05763626,,0.552159826,-0.3879332,0.3879332,0.260121495,0.29203833
18:23.6,9.241798784,,89.47315773,89.99773001,,t17,-0.6975,ibs,negative,89.05763626,,0.415521467,-0.524572286,0.524572286,0.123483137,0.29203833
18:23.7,11.4590146,,89.34828814,89.99773073,,t17,-0.6975,ibs,negative,89.05763626,,0.290651882,-0.649442589,0.649442589,-0.001386449,0.29203833
18:23.8,13.34109912,,89.22678764,89.99773148,,t17,-0.6975,ibs,negative,89.05763626,,0.169151376,-0.770943843,0.770943843,-0.122886954,0.29203833
18:23.9,15.63371278,,89.13536686,89.99773208,,t17,-0.6975,ibs,negative,89.05763626,,0.077730598,-0.862365217,0.862365217,-0.214307733,0.29203833
19:14.5,3.223366151,,91.56118237,89.99808185,,t17,-0.709166667,ibs,positive,94.53770447,,-2.976522096,1.563100521,1.563100521,-2.467979148,-0.508542949
19:15.0,7.09310689,-0.114416157,92.07715405,89.9980799,92.04769897,t17,-0.708333333,els,positive,,0.029455071,,2.079074147,2.079074147,0.537998019,-0.508542949
19:15.1,13.42405415,-0.383612887,92.12037707,89.99807979,92.04769897,t17,-0.708333333,els,positive,,0.072678093,,2.122297277,2.122297277,0.581221042,-0.508542949
19:15.2,5.171666713,,92.2314601,89.99807955,,t17,-0.708333333,ibs,positive,94.53770447,,-2.306244368,2.233380548,2.233380548,-1.797701419,-0.508542949
19:15.6,2.990266468,0.095386036,92.68437938,89.99807917,92.04769897,t17,-0.708333333,els,positive,,0.636680402,,2.68630021,2.68630021,1.14522335,-0.508542949
19:15.8,7.228510485,,92.87303972,89.99807928,,t17,-0.708333333,ibs,positive,94.53770447,,-1.664664751,2.874960433,2.874960433,-1.156121803,-0.508542949
19:16.1,9.233991103,,93.16992569,89.9980798,,t17,-0.7075,ibs,positive,94.53770447,,-1.36777878,3.171845888,3.171845888,-0.859235831,-0.508542949
19:16.3,11.42237631,,93.35178947,89.99808032,,t17,-0.7075,ibs,positive,94.53770447,,-1.185914997,3.353709155,3.353709155,-0.677372049,-0.508542949
19:16.3,13.34998345,,93.38118381,89.99808041,,t17,-0.7075,ibs,positive,94.53770447,,-1.156520657,3.383103398,3.383103398,-0.647977708,-0.508542949
19:16.4,15.60132962,,93.44794048,89.99808065,,t17,-0.7075,ibs,positive,94.53770447,,-1.08976399,3.449859827,3.449859827,-0.581221042,-0.508542949
55:46.7,5.305412851,,57.5119785,65.14498163,,t20,-0.700416667,ibs,positive,61.82813263,,-4.316154125,-7.633003126,7.633003126,-2.709952419,-1.606201706
55:48.1,7.367051421,,58.89786057,65.37864024,,t20,-0.700416667,ibs,positive,61.82813263,,-2.930272064,-6.48077967,6.48077967,-1.324070358,-1.606201706
55:48.6,9.379410151,,59.4736014,65.47578777,,t20,-0.700416667,ibs,positive,61.82813263,,-2.354531231,-6.00218637,6.00218637,-0.748329525,-1.606201706
55:49.0,11.60172309,,59.81524278,65.53345596,,t20,-0.700416667,ibs,positive,61.82813263,,-2.012889848,-5.718213174,5.718213174,-0.406688141,-1.606201706
55:49.1,13.47596065,,59.89572394,65.54698622,,t20,-0.700833333,ibs,positive,61.82813263,,-1.932408687,-5.651262282,5.651262282,-0.32620698,-1.606201706
55:49.3,15.87566066,,60.15858895,65.59114875,,t20,-0.700833333,ibs,positive,61.82813263,,-1.669543676,-5.432559795,5.432559795,-0.06334197,-1.606201706
55:52.8,7.160942423,-57.4000451,63.57011784,66.16709718,65.80802917,t20,-0.702083333,els,positive,,-2.237911334,,-2.596979337,2.596979337,-0.631709627,-1.606201706
55:53.0,2.961263453,-57.74465389,63.8116354,66.2081069,65.80802917,t20,-0.702083333,els,positive,,-1.996393779,,-2.396471509,2.396471509,-0.390192073,-1.606201706
55:53.4,13.30313642,-57.05824296,64.26516944,66.2851382,65.80802917,t20,-0.7025,els,positive,,-1.542859737,,-2.019968766,2.019968766,0.06334197,-1.606201706
57:14.3,7.363281676,-59.31672674,81.51885777,80.43703564,80.84608459,t20,-0.72,els,negative,,0.672773174,,1.081822133,1.081822133,0.8820905,-0.209317326
57:14.6,3.047691513,-59.51123384,81.22333209,80.49007017,80.84608459,t20,-0.72,els,negative,,0.377247492,,0.733261912,0.733261912,0.586564818,-0.209317326
57:14.9,13.73050428,-58.19063438,80.97314897,80.53496719,80.84608459,t20,-0.72,els,negative,,0.127064376,,0.438181778,0.438181778,0.336381702,-0.209317326
57:19.5,5.412702755,,76.41024667,81.35399594,,t20,-0.72,ibs,negative,74.86593628,,1.544310391,-4.943749265,4.943749265,1.753627717,-0.209317326
57:20.5,7.493385164,,75.36957272,81.5399519,,t20,-0.72,ibs,negative,74.86593628,,0.503636443,-6.170379174,6.170379174,0.712953769,-0.209317326
57:20.8,9.537599553,,75.02468902,81.60157444,,t20,-0.72,ibs,negative,74.86593628,,0.158752737,-6.57688542,6.57688542,0.368070063,-0.209317326
57:21.1,11.79756264,,74.7993821,81.64188995,,t20,-0.72,ibs,negative,74.86593628,,-0.066554182,-6.842507856,6.842507856,0.142763144,-0.209317326
57:21.4,13.52512595,,74.51579662,81.69281146,,t20,-0.72,ibs,negative,74.86593628,,-0.350139657,-7.177014836,7.177014836,-0.140822331,-0.209317326
57:21.5,16.10692908,,74.32023725,81.72792583,,t20,-0.72,ibs,negative,74.86593628,,-0.545699028,-7.407688576,7.407688576,-0.336381702,-0.209317326
39:19.7,7.248326369,-1.35980656,92.76437317,90.00373835,92.04470825,t21,-1.036326603,els,positive,,0.719664916,,2.760634816,2.760634816,,
39:23.5,10.18335584,,95.60982755,90.00373529,,t21,-0.932765959,ibs,positive,94.03470612,,1.57512143,5.606092253,5.606092253,,
39:24.2,2.948303968,1.073815541,96.27693572,90.00374077,92.04470825,t21,-0.929148938,els,positive,,4.232227464,,6.27319495,6.27319495,,
39:25.1,7.654167671,,97.22600896,90.00374686,,t21,-0.925531917,ibs,positive,94.03470612,,3.191302841,7.222262092,7.222262092,,
39:27.4,5.851623324,,99.30185425,90.00373115,,t21,-0.918297874,ibs,positive,94.03470612,,5.267148137,9.298123101,9.298123101,,
39:59.5,3.028825336,-0.4435227,98.84636295,90.00370575,95.03477478,t21,-0.802553199,els,negative,,3.811588168,,8.842657197,8.842657197,3.435430813,0.376157355
40:03.1,7.315191595,-1.133841267,95.96125097,90.00369601,95.03477478,t21,-0.788085115,els,negative,,0.926476189,,5.957554958,5.957554958,0.550318834,0.376157355
40:05.7,5.652872221,,94.30307262,90.0036947,,t21,-0.780851072,ibs,negative,89.05478668,,5.248285939,4.29937792,4.29937792,4.872128584,0.376157355
40:05.9,25.52279865,-0.596855984,94.17685097,90.00369517,95.03477478,t21,-0.780851072,els,negative,,-0.857923811,,4.173155799,4.173155799,-1.234081166,0.376157355
40:07.1,7.318115293,,92.90531524,90.00369868,,t21,-0.77361703,ibs,negative,89.05478668,,3.850528563,2.901616564,2.901616564,3.474371208,0.376157355
40:08.5,9.776763852,,91.5222894,90.00368677,,t21,-0.770000009,ibs,negative,89.05478668,,2.467502717,1.518602632,1.518602632,2.091345362,0.376157355
40:08.9,11.9609349,,91.11608028,90.00368435,,t21,-0.770000009,ibs,negative,89.05478668,,2.061293598,1.112395932,1.112395932,1.685136243,0.376157355
40:09.1,13.96757409,,90.91386152,90.00368333,,t21,-0.768750009,ibs,negative,89.05478668,,1.859074842,0.910178197,0.910178197,1.482917487,0.376157355
40:09.4,16.31957539,,90.6650252,90.00368224,,t21,-0.768750009,ibs,negative,89.05478668,,1.610238521,0.661342967,0.661342967,1.234081166,0.376157355
41:00.9,99.42063319,-1.363840137,90.91921824,90.00345316,91.04486084,t21,-0.705000005,els,positive,,-0.125642603,,0.915765074,0.915765074,0.164420949,-0.290063552
41:00.9,26.92921375,-0.866131449,90.97491729,90.00345285,91.04486084,t21,-0.705000005,els,positive,,-0.069943545,,0.97146445,0.97146445,0.220120008,-0.290063552
41:01.6,7.23146542,,91.59683075,90.00344585,,t21,-0.703750006,ibs,positive,93.03486633,,-1.438035582,1.5933849,1.5933849,-1.14797203,-0.290063552
41:02.4,7.581070607,-0.667228006,92.47824677,90.00343665,91.04486084,t21,-0.702500006,els,positive,,1.43338593,,2.474810117,2.474810117,1.723449483,-0.290063552
41:02.5,16.28279051,,92.58038183,90.00343564,,t21,-0.702500006,ibs,positive,93.03486633,,-0.454484501,2.576946191,2.576946191,-0.164420949,-0.290063552
41:02.6,13.98052024,,92.6552111,90.00343491,,t21,-0.702500006,ibs,positive,93.03486633,,-0.379655233,2.651776194,2.651776194,-0.08959168,-0.290063552
41:02.6,11.88815375,,92.66628059,90.0034348,,t21,-0.702500006,ibs,positive,93.03486633,,-0.36858574,2.662845795,2.662845795,-0.078522187,-0.290063552
41:02.6,9.703502547,,92.67443955,90.00343472,,t21,-0.702500006,ibs,positive,93.03486633,,-0.360426787,2.671004828,2.671004828,-0.070363234,-0.290063552
41:03.3,3.098723255,-1.44837703,93.30405235,90.0034288,91.04486084,t21,-0.701250007,els,positive,,2.259191513,,3.300623554,3.300623554,2.549255065,-0.290063552
41:45.0,3.241381505,-1.595400418,97.11298698,90.00220048,94.034935,t21,-0.660000004,els,negative,,3.078051983,,7.110786504,7.110786504,3.47571908,-0.397667098
41:47.8,7.295412803,-1.306022314,94.64177799,90.00173641,94.034935,t21,-0.65914894,els,negative,,0.606842995,,4.640041578,4.640041578,1.004510092,-0.397667098
41:49.1,24.57817154,-1.852579927,93.91650621,90.00150074,94.034935,t21,-0.658297876,els,negative,,-0.118428791,,3.915005469,3.915005469,0.279238307,-0.397667098
41:49.3,98.84479679,-2.612387281,93.72577181,90.00145272,94.034935,t21,-0.658297876,els,negative,,-0.309163188,,3.724319092,3.724319092,0.088503909,-0.397667098
41:53.0,5.59178826,,90.04601979,90.00055842,,t21,-0.656595748,ibs,negative,90.0549469,,-0.008927107,0.045461374,0.045461374,0.388739991,-0.397667098
41:53.1,7.222777848,,89.95471883,90.00053711,,t21,-0.656595748,ibs,negative,90.0549469,,-0.100228071,-0.045818282,0.045818282,0.297439027,-0.397667098
41:53.2,9.714990149,,89.89134789,90.00052234,,t21,-0.656595748,ibs,negative,90.0549469,,-0.163599014,-0.109174456,0.109174456,0.234068084,-0.397667098
41:53.3,13.92198219,,89.75602388,90.00049086,,t21,-0.656595748,ibs,negative,90.0549469,,-0.298923016,-0.244466979,0.244466979,0.098744082,-0.397667098
41:53.3,11.87261456,,89.748909,90.00048921,,t21,-0.656595748,ibs,negative,90.0549469,,-0.306037903,-0.251580214,0.251580214,0.091629195,-0.397667098
41:53.5,16.15848919,,89.56877589,90.00044744,,t21,-0.656595748,ibs,negative,90.0549469,,-0.486171007,-0.431671548,0.431671548,-0.088503909,-0.397667098
42:42.8,21.8856206,-9.968227823,89.84214249,89.90512678,90.05502319,t21,-0.64,els,positive,,-0.212880708,,-0.062984294,0.062984294,0.083204632,-0.29608534
42:42.9,98.27236362,-8.275748097,89.92919469,89.90510637,90.05502319,t21,-0.64,els,positive,,-0.125828508,,0.024088311,0.024088311,0.170256832,-0.29608534
42:43.7,7.479488439,-5.476975628,90.74543313,89.90492061,90.05502319,t21,-0.64,els,positive,,0.69040994,,0.840512527,0.840512527,0.98649528,-0.29608534
42:44.1,5.671386883,,91.19723808,89.90482266,,t21,-0.64,ibs,positive,92.04502106,,-0.847782975,1.292415425,1.292415425,-0.551697635,-0.29608534
42:44.3,7.299247876,,91.30511292,89.90479979,,t21,-0.64,ibs,positive,92.04502106,,-0.739908142,1.400313123,1.400313123,-0.443822802,-0.29608534
42:44.5,16.36053171,,91.57867888,89.90474271,,t21,-0.64,ibs,positive,92.04502106,,-0.466342173,1.673936171,1.673936171,-0.170256832,-0.29608534
42:44.5,11.89265057,,91.59003989,89.90474037,,t21,-0.64,ibs,positive,92.04502106,,-0.454981171,1.685299515,1.685299515,-0.158895831,-0.29608534
42:44.6,9.74028078,,91.63505356,89.90473111,,t21,-0.64,ibs,positive,92.04502106,,-0.409967494,1.730322451,1.730322451,-0.113882154,-0.29608534
42:44.8,3.233508124,-10.17853467,91.80749402,89.90469597,90.05502319,t21,-0.64,els,positive,,1.752470829,,1.902798056,1.902798056,2.04855617,-0.29608534
10:13.4,5.810177112,,89.40113638,90.13090858,,t25,-0.759166667,ibs,positive,90.02946472,,-0.628328346,-0.729772207,0.729772207,,
10:13.5,7.968755189,,89.50610417,90.13090866,,t25,-0.759166667,ibs,positive,90.02946472,,-0.523360555,-0.624804489,0.624804489,,
10:13.7,10.3855587,,89.74219452,90.13090757,,t25,-0.759166667,ibs,positive,90.02946472,,-0.287270206,-0.388713057,0.388713057,,
10:13.9,12.84620114,,89.9506396,90.13090518,,t25,-0.759166667,ibs,positive,90.02946472,,-0.078825123,-0.180265581,0.180265581,,
10:14.1,15.01462529,,90.11527286,90.13090234,,t25,-0.755625,ibs,positive,90.02946472,,0.085808141,-0.015629476,0.015629476,,
10:14.2,17.57704378,,90.2277171,90.13089992,,t25,-0.755625,ibs,positive,90.02946472,,0.198252382,0.096817188,0.096817188,,
10:14.2,19.77669708,,90.2529761,90.13089932,,t25,-0.755625,ibs,positive,90.02946472,,0.223511379,0.122076783,0.122076783,,
10:14.3,21.28136391,,90.33177845,90.13089732,,t25,-0.755625,ibs,positive,90.02946472,,0.302313728,0.200881125,0.200881125,,
10:17.4,8.217733809,10.70624088,93.46232128,90.13066299,89.03446198,t25,-0.745,els,positive,,4.427859306,,3.331658296,3.331658296,,
10:28.4,3.627481782,13.17567172,101.7707602,90.12991081,89.03446198,t25,-0.706041667,els,positive,,12.7362982,,11.64084936,11.64084936,,
10:51.6,3.695045306,9.366647521,101.781346,90.12817981,91.02449799,t25,-0.664166667,els,negative,,10.75684798,,11.65316615,11.65316615,7.682033005,3.074814972
10:59.4,8.500855067,9.311758058,96.67485733,90.12731947,91.02449799,t25,-0.6675,els,negative,,5.650359348,,6.547537866,6.547537866,2.575544375,3.074814972
11:08.8,5.85047765,,87.24597472,90.12604663,,t25,-0.6625,ibs,negative,86.0494957,,1.196479027,-2.880071907,2.880071907,-1.878335946,3.074814972
11:09.3,12.89680073,,86.72600631,90.12598064,,t25,-0.66,ibs,negative,86.0494957,,0.676510617,-3.399974328,3.399974328,-2.398304355,3.074814972
11:09.3,17.72593672,,86.72164823,90.12598007,,t25,-0.66,ibs,negative,86.0494957,,0.672152534,-3.404331834,3.404331834,-2.402662438,3.074814972
11:09.3,15.05405223,,86.6963834,90.12597672,,t25,-0.66,ibs,negative,86.0494957,,0.646887704,-3.429593316,3.429593316,-2.427927269,3.074814972
11:09.4,19.86130111,,86.6510025,90.12597067,,t25,-0.66,ibs,negative,86.0494957,,0.6015068,-3.474968171,3.474968171,-2.473308173,3.074814972
11:09.4,10.46082546,,86.62522289,90.12596721,,t25,-0.66,ibs,negative,86.0494957,,0.575727188,-3.500744328,3.500744328,-2.499087784,3.074814972
11:09.4,7.91671248,,86.6014744,90.12596402,,t25,-0.66,ibs,negative,86.0494957,,0.551978707,-3.524489614,3.524489614,-2.522836265,3.074814972
11:09.5,23.01429499,,86.54876629,90.12595689,,t25,-0.66,ibs,negative,86.0494957,,0.499270597,-3.577190593,3.577190593,-2.575544375,3.074814972
11:54.3,5.982375354,,88.31207412,90.11884258,,t25,-0.573541719,ibs,positive,90.02952957,,-1.717455449,-1.806768457,1.806768457,,
11:55.0,7.987469576,,89.07743799,90.11872309,,t25,-0.572083388,ibs,positive,90.02952957,,-0.952091586,-1.041285101,1.041285101,,
11:55.7,10.67573884,,89.73084182,90.11863586,,t25,-0.572083388,ibs,positive,90.02952957,,-0.298687753,-0.387794042,0.387794042,,
11:55.8,13.13848189,,89.87180331,90.11861879,,t25,-0.572083388,ibs,positive,90.02952957,,-0.157726265,-0.246815486,0.246815486,,
11:56.0,15.37220245,,90.02568081,90.11859999,,t25,-0.572083388,ibs,positive,90.02952957,,-0.003848758,-0.092919181,0.092919181,,
11:56.2,18.16086542,,90.20700658,90.11857762,,t25,-0.570625056,ibs,positive,90.02952957,,0.17747701,0.088428958,0.088428958,,
11:56.2,20.30347618,,90.25962004,90.11857109,,t25,-0.570625056,ibs,positive,90.02952957,,0.230090467,0.14104895,0.14104895,,
11:56.5,26.21388474,,90.48939428,90.11854231,,t25,-0.570625056,ibs,positive,90.02952957,,0.45986471,0.370851973,0.370851973,,
11:57.6,8.629143851,2.057553355,91.65215486,90.1183908,89.03453064,t25,-0.569166725,els,positive,,2.617624221,,1.533764063,1.533764063,,
12:01.9,3.956456726,2.294013894,95.45728376,90.11777706,89.03453064,t25,-0.5633334,els,positive,,6.42275312,,5.339506699,5.339506699,,
12:40.2,3.99800908,-2.165086924,97.94181952,90.11263488,92.02456665,t25,-0.568750388,els,negative,,5.917252872,,7.829184647,7.829184647,4.772921084,1.144331788
12:44.3,8.678482546,-2.656854335,94.6686482,90.11216017,92.02456665,t25,-0.57125035,els,negative,,2.64408155,,4.556488033,4.556488033,1.499749761,1.144331788
12:52.1,13.19069092,,86.8956299,90.11131659,,t25,-0.57458355,ibs,negative,87.03956604,,-0.143936144,-3.215686692,3.215686692,-1.288267933,1.144331788
12:52.1,10.67617884,,86.89346876,90.11131637,,t25,-0.57458355,ibs,negative,87.03956604,,-0.146097284,-3.217847611,3.217847611,-1.290429072,1.144331788
12:52.2,6.013943242,,86.8775399,90.11131475,,t25,-0.57458355,ibs,negative,87.03956604,,-0.162026137,-3.233774843,3.233774843,-1.306357926,1.144331788
12:52.2,15.41334796,,86.85289153,90.11131224,,t25,-0.57458355,ibs,negative,87.03956604,,-0.186674512,-3.258420714,3.258420714,-1.3310063,1.144331788
12:52.2,8.003491789,,86.83453489,90.11131038,,t25,-0.57458355,ibs,negative,87.03956604,,-0.205031148,-3.276775488,3.276775488,-1.349362936,1.144331788
12:52.2,18.15929483,,86.8296632,90.11130989,,t25,-0.57458355,ibs,negative,87.03956604,,-0.209902844,-3.281646691,3.281646691,-1.354234633,1.144331788
12:52.3,20.61640963,,86.76955624,90.11130381,,t25,-0.57458355,ibs,negative,87.03956604,,-0.270009797,-3.34174757,3.34174757,-1.414341585,1.144331788
12:52.4,26.66950373,,86.68414807,90.11129523,,t25,-0.57458355,ibs,negative,87.03956604,,-0.355417973,-3.427147168,3.427147168,-1.499749761,1.144331788
13:38.0,5.939914209,,89.03126121,90.10759972,,t25,-0.6,ibs,positive,91.02959824,,-1.99833703,-1.076338516,1.076338516,-2.739760929,0.741423899
13:38.5,7.936265993,,89.49284029,90.10753265,,t25,-0.600625,ibs,positive,91.02959824,,-1.536757946,-0.614692363,0.614692363,-2.278181845,0.741423899
13:39.3,10.55208467,,90.34782001,90.10742013,,t25,-0.60125,ibs,positive,91.02959824,,-0.681778226,0.24039988,0.24039988,-1.423202125,0.741423899
13:39.4,13.01573437,,90.41381326,90.10741206,,t25,-0.60125,ibs,positive,91.02959824,,-0.615784972,0.3064012,0.3064012,-1.357208871,0.741423899
13:39.5,15.24658149,,90.53154366,90.10739791,,t25,-0.60125,ibs,positive,91.02959824,,-0.498054575,0.424145755,0.424145755,-1.239478474,0.741423899
13:39.6,17.80474229,,90.58324664,90.10739178,,t25,-0.60125,ibs,positive,91.02959824,,-0.446351593,0.475854862,0.475854862,-1.187775491,0.741423899
13:39.7,19.94410318,,90.69588759,90.10737864,,t25,-0.60125,ibs,positive,91.02959824,,-0.333710647,0.588508952,0.588508952,-1.075134546,0.741423899
13:39.8,25.46348045,,90.79770865,90.10736699,,t25,-0.60125,ibs,positive,91.02959824,,-0.23188959,0.690341658,0.690341658,-0.973313489,0.741423899
13:40.7,8.625030374,-8.461789533,91.74933669,90.10726882,90.0345993,t25,-0.601875,els,positive,,1.714737388,,1.642067869,1.642067869,0.973313489,0.741423899
13:44.2,3.76883184,-8.574038601,95.21423608,90.10695368,90.0345993,t25,-0.604375,els,positive,,5.179636774,,5.107282396,5.107282396,4.438212875,0.741423899
14:23.5,3.62573843,-12.61463072,97.54071258,90.10480856,93.01462555,t25,-0.695,els,negative,,4.526087028,,7.435904012,7.435904012,4.328810927,0.1972761
14:27.1,8.328206612,-12.88371292,93.97849751,90.10488563,93.01462555,t25,-0.698333333,els,negative,,0.963871956,,3.873611873,3.873611873,0.766595856,0.1972761
14:34.6,19.68781426,,87.47031495,90.10516597,,t25,-0.704166667,ibs,negative,88.0396347,,-0.569319755,-2.634851023,2.634851023,-0.766595856,0.1972761
14:34.6,5.801158555,,87.46475387,90.1051663,,t25,-0.704166667,ibs,negative,88.0396347,,-0.574880834,-2.640412432,2.640412432,-0.772156934,0.1972761
14:34.7,15.05660441,,87.37148636,90.10517199,,t25,-0.704166667,ibs,negative,88.0396347,,-0.668148345,-2.733685635,2.733685635,-0.865424445,0.1972761
14:34.7,8.011767454,,87.34601528,90.1051736,,t25,-0.704166667,ibs,negative,88.0396347,,-0.693619423,-2.759158315,2.759158315,-0.890895523,0.1972761
14:34.7,17.63092746,,87.31925179,90.1051753,,t25,-0.704166667,ibs,negative,88.0396347,,-0.720382915,-2.785923513,2.785923513,-0.917659015,0.1972761
14:34.8,12.8511282,,87.28454309,90.10517755,,t25,-0.704166667,ibs,negative,88.0396347,,-0.755091618,-2.820634461,2.820634461,-0.952367718,0.1972761
14:34.8,10.39564354,,87.27309545,90.1051783,,t25,-0.704166667,ibs,negative,88.0396347,,-0.766539251,-2.832082843,2.832082843,-0.963815351,0.1972761
15:21.4,5.748770031,,89.46628354,90.1057577,,t25,-0.68,ibs,positive,90.0296669,,-0.563383358,-0.639474156,0.639474156,-1.094928703,0.531545344
15:21.6,8.028552069,,89.65633236,90.1057368,,t25,-0.68,ibs,positive,90.0296669,,-0.373334545,-0.449404441,0.449404441,-0.904879889,0.531545344
15:21.8,10.33846415,,89.84446984,90.10571739,,t25,-0.68,ibs,positive,90.0296669,,-0.185197063,-0.26124755,0.26124755,-0.716742407,0.531545344
15:21.9,8.396470465,-16.62360674,89.92954913,90.10570903,89.03466797,t25,-0.68,els,positive,,0.894881159,,-0.176159902,0.176159902,0.363335815,0.531545344
15:22.1,12.80057779,,90.11239409,90.10569195,,t25,-0.68,ibs,positive,90.0296669,,0.082727192,0.006702144,0.006702144,-0.448818152,0.531545344
15:22.2,14.99857879,,90.18288278,90.10568569,,t25,-0.68,ibs,positive,90.0296669,,0.153215883,0.077197098,0.077197098,-0.378329462,0.531545344
15:22.2,19.80373012,,90.19787643,90.10568438,,t25,-0.68,ibs,positive,90.0296669,,0.16820953,0.092192054,0.092192054,-0.363335815,0.531545344
15:22.2,17.54019814,,90.27032224,90.10567817,,t25,-0.68,ibs,positive,90.0296669,,0.240655337,0.164644072,0.164644072,-0.290890008,0.531545344
15:22.5,3.613518057,-16.79590308,90.5339712,90.10565716,89.03466797,t25,-0.68,els,positive,,1.499303232,,0.428314043,0.428314043,0.967757888,0.531545344
21:07.2,8.32772447,51.07199564,95.88572623,90.06134355,90.43015289,t27,-0.680833333,els,negative,,5.455573335,,5.824382675,5.824382675,2.844716202,2.610857132
21:08.3,3.388837864,46.2658204,95.35700423,90.0624766,90.43015289,t27,-0.676666667,els,negative,,4.926851332,,5.294527626,5.294527626,2.3159942,2.610857132
21:20.2,23.31825784,,84.22619342,90.06317602,,t27,-0.626666667,ibs,negative,84.46005249,,-0.23385907,-5.836982595,5.836982595,-2.844716202,2.610857132
21:20.3,20.5540303,,84.18218182,90.06308975,,t27,-0.626666667,ibs,negative,84.46005249,,-0.277870667,-5.880907931,5.880907931,-2.8887278,2.610857132
21:20.4,18.31605698,,84.07284874,90.0628754,,t27,-0.626666667,ibs,negative,84.46005249,,-0.387203746,-5.990026655,5.990026655,-2.998060878,2.610857132
21:20.6,15.89880891,,83.8515147,90.06244118,,t27,-0.626666667,ibs,negative,84.46005249,,-0.608537791,-6.21092648,6.21092648,-3.219394923,2.610857132
21:20.6,13.41502869,,83.83608598,90.0624109,,t27,-0.626666667,ibs,negative,84.46005249,,-0.62396651,-6.226324917,6.226324917,-3.234823642,2.610857132
21:20.8,10.89901955,,83.64199565,90.0620298,,t27,-0.626666667,ibs,negative,84.46005249,,-0.81805684,-6.420034144,6.420034144,-3.428913972,2.610857132
21:21.3,8.50316451,,83.15338301,90.06106913,,t27,-0.6225,ibs,negative,84.46005249,,-1.306669475,-6.907686112,6.907686112,-3.917526608,2.610857132
22:05.3,10.82126369,,85.70370343,90.03877055,,t27,-0.475833333,ibs,positive,88.43930054,,-2.735597112,-4.335067121,4.335067121,-2.512894794,-0.222702317
22:05.5,13.28389745,,85.92508728,90.03877481,,t27,-0.475833333,ibs,positive,88.43930054,,-2.514213259,-4.113687532,4.113687532,-2.291510942,-0.222702317
22:05.6,15.42738267,,86.08756569,90.03877599,,t27,-0.475833333,ibs,positive,88.43930054,,-2.351734849,-3.951210303,3.951210303,-2.129032532,-0.222702317
22:06.9,18.11842069,,87.38898873,90.03872609,,t27,-0.475,ibs,positive,88.43930054,,-1.05031181,-2.649737366,2.649737366,-0.827609493,-0.222702317
22:07.1,20.54551353,,87.54296754,90.03871322,,t27,-0.474166667,ibs,positive,88.43930054,,-0.896332997,-2.495745677,2.495745677,-0.67363068,-0.222702317
22:07.2,26.64119472,,87.59451554,90.03870858,,t27,-0.474166667,ibs,positive,88.43930054,,-0.844785002,-2.444193042,2.444193042,-0.622082685,-0.222702317
22:08.4,99.42063319,47.11256811,88.8386809,90.03854658,88.43930054,t27,-0.473333333,els,positive,,0.399380367,,-1.199865672,1.199865672,0.622082685,-0.222702317
22:16.5,8.470732871,48.92290868,95.74195497,90.03791961,88.43930054,t27,-0.466666667,els,positive,,7.302654434,,5.704035361,5.704035361,7.525356751,-0.222702317
22:39.4,3.651438486,45.24739653,101.4887941,90.03619233,91.42853546,t27,-0.4475,els,negative,,10.06025868,,11.45260182,11.45260182,10.16025381,-0.099995131
22:47.0,8.380975988,46.49188085,98.01062327,90.03578277,91.42853546,t27,-0.441666667,els,negative,,6.58208781,,7.974840505,7.974840505,6.682082941,-0.099995131
22:56.2,98.84479683,44.96078091,91.20492686,90.03512927,91.42853546,t27,-0.43,els,negative,,-0.223608605,,1.169797584,1.169797584,-0.123613474,-0.099995131
23:02.0,27.66100988,,85.47206652,90.03472131,,t27,-0.42375,ibs,negative,85.44844818,,0.023618343,-4.562654785,4.562654785,0.123613474,-0.099995131
23:02.0,20.24214894,,85.43332276,90.03471388,,t27,-0.4225,ibs,negative,85.44844818,,-0.015125418,-4.601391112,4.601391112,0.084869713,-0.099995131
23:02.1,18.03717196,,85.34936481,90.03469723,,t27,-0.4225,ibs,negative,85.44844818,,-0.099083373,-4.685332424,4.685332424,0.000911758,-0.099995131
23:02.2,13.13615426,,85.26150842,90.0346791,,t27,-0.4225,ibs,negative,85.44844818,,-0.186939757,-4.77317068,4.77317068,-0.086944626,-0.099995131
23:02.2,15.40357301,,85.24949762,90.03467657,,t27,-0.4225,ibs,negative,85.44844818,,-0.19895056,-4.785178949,4.785178949,-0.098955429,-0.099995131
23:02.3,10.70050032,,85.17093953,90.03465966,,t27,-0.4225,ibs,negative,85.44844818,,-0.277508647,-4.863720125,4.863720125,-0.177513517,-0.099995131
23:04.1,8.10332688,,83.31981794,90.03429744,,t27,-0.42,ibs,negative,85.44844818,,-2.128630246,-6.714479505,6.714479505,-2.028635115,-0.099995131
23:44.1,5.981562431,,81.52852804,90.03148554,,t27,-0.41,ibs,positive,85.44771576,,-3.919187718,-8.502957499,8.502957499,-4.845757382,0.926569665
23:46.1,7.912070157,,83.51282123,90.03106273,,t27,-0.41,ibs,positive,85.44771576,,-1.934894525,-6.518241499,6.518241499,-2.861464189,0.926569665
23:47.8,10.50774661,,85.21233643,90.03123521,,t27,-0.41,ibs,positive,85.44771576,,-0.235379328,-4.818898777,4.818898777,-1.161948992,0.926569665
23:48.1,12.97005416,,85.50024286,90.03123721,,t27,-0.41,ibs,positive,85.44771576,,0.052527103,-4.530994345,4.530994345,-0.874042562,0.926569665
23:48.3,15.16450715,,85.78034561,90.03123165,,t27,-0.41,ibs,positive,85.44771576,,0.33262985,-4.250886044,4.250886044,-0.593939814,0.926569665
23:48.6,17.77137831,,86.04201578,90.03121981,,t27,-0.41,ibs,positive,85.44771576,,0.594300023,-3.989204028,3.989204028,-0.332269642,0.926569665
23:48.8,19.96305041,,86.22406586,90.03120778,,t27,-0.41,ibs,positive,85.44771576,,0.776350096,-3.807141926,3.807141926,-0.150219569,0.926569665
23:49.6,28.95553844,,87.0156509,90.03111938,,t27,-0.41,ibs,positive,85.44771576,,1.567935145,-3.015468477,3.015468477,0.64136548,0.926569665
23:50.3,98.27237204,38.12373294,87.73288943,90.03098838,87.44768524,t27,-0.41,els,positive,,0.285204184,,-2.298098951,2.298098951,-0.64136548,0.926569665
23:55.8,8.442457079,40.09364584,93.20236739,90.03063828,87.44768524,t27,-0.41,els,positive,,5.754682153,,3.171729116,3.171729116,4.828112488,0.926569665
24:14.5,3.748577323,42.39578475,101.4872887,90.02901459,87.44768524,t27,-0.41,els,extrema,,14.03960344,,11.4582741,11.4582741,13.54011734,0.499486099
24:35.2,8.002708309,35.94495977,94.22328143,90.02791235,90.42688751,t27,-0.42375,els,negative,,3.796393916,,4.195369075,4.195369075,3.296907817,0.499486099
24:39.7,97.70309052,33.43548569,90.60078079,90.02755262,90.42688751,t27,-0.42875,els,negative,,0.173893275,,0.573228165,0.573228165,-0.325592824,0.499486099
24:45.1,17.49153305,,85.31804756,90.0271815,,t27,-0.43625,ibs,negative,84.45679474,,0.861252821,-4.709133938,4.709133938,0.361766722,0.499486099
24:45.2,19.64428054,,85.28187366,90.02718346,,t27,-0.43625,ibs,negative,84.45679474,,0.825078923,-4.7453098,4.7453098,0.325592824,0.499486099
24:45.5,14.70404144,,84.94952259,90.0271984,,t27,-0.43625,ibs,negative,84.45679474,,0.492727854,-5.077675804,5.077675804,-0.006758245,0.499486099
24:45.8,12.73017984,,84.63183144,90.02720743,,t27,-0.43625,ibs,negative,84.45679474,,0.175036697,-5.395375993,5.395375993,-0.324449401,0.499486099
24:46.8,10.2255615,,83.65450681,90.02720313,,t27,-0.4375,ibs,negative,84.45679474,,-0.802287925,-6.372696317,6.372696317,-1.301774024,0.499486099
24:47.5,7.773419106,,82.98945262,90.02717256,,t27,-0.43875,ibs,negative,84.45679474,,-1.467342114,-7.037719938,7.037719938,-1.966828213,0.499486099
24:48.8,5.703761405,,81.69561187,90.0270496,,t27,-0.44,ibs,negative,84.45679474,,-2.761182869,-8.331437733,8.331437733,-3.260668968,0.499486099
25:26.5,5.665891166,,81.72300229,90.02628118,,t27,-0.4875,ibs,positive,86.44606781,,-4.723065518,-8.303278888,8.303278888,-4.786833435,0.063767917
25:28.6,7.88126443,,83.02739082,90.02631097,,t27,-0.49,ibs,positive,86.44606781,,-3.418676987,-6.998920151,6.998920151,-3.482444903,0.063767917
25:30.1,10.26715444,,84.60285637,90.02633725,,t27,-0.4925,ibs,positive,86.44606781,,-1.843211436,-5.42348088,5.42348088,-1.906979353,0.063767917
25:30.9,12.75678082,,85.31812011,90.02634579,,t27,-0.4925,ibs,positive,86.44606781,,-1.127947703,-4.70822568,4.70822568,-1.191715619,0.063767917
25:31.2,14.82520148,,85.69490409,90.02635063,,t27,-0.49375,ibs,positive,86.44606781,,-0.751163715,-4.331446532,4.331446532,-0.814931632,0.063767917
25:31.7,19.65304958,,86.13279496,90.02635655,,t27,-0.49375,ibs,positive,86.44606781,,-0.313272851,-3.893561591,3.893561591,-0.377040767,0.063767917
25:31.7,17.48788838,,86.17171503,90.02635709,,t27,-0.49375,ibs,positive,86.44606781,,-0.274352777,-3.854642059,3.854642059,-0.338120693,0.063767917
25:32.4,96.25732484,31.72758002,86.88687649,90.02636751,86.44606781,t27,-0.495,els,positive,,0.440808684,,-3.139491016,3.139491016,0.377040767,0.063767917
25:36.7,7.945004759,33.22158718,91.13802062,90.02643929,86.44606781,t27,-0.5,els,positive,,4.691952808,,1.111581331,1.111581331,4.628184891,0.063767917
25:42.6,3.578783249,37.16047254,96.12383782,90.02652578,86.44606781,t27,-0.495,els,positive,,9.677770007,,6.097312039,6.097312039,9.614002091,0.063767917
44:19.5,8.264820622,-0.670696033,87.82484863,90.01233455,88.34791565,t32,-0.78125,els,positive,,-0.52306702,,-2.187485916,2.187485916,-0.221958784,-0.301108235
44:19.5,235,-0.438101501,87.83413407,90.01233398,88.34791565,t32,-0.78125,els,positive,,-0.513781582,,-2.178199916,2.178199916,-0.212673346,-0.301108235
44:19.6,6.027272899,,87.92134606,90.01232868,,t32,-0.78125,ibs,positive,89.34290695,,-1.421560887,-2.090982619,2.090982619,-1.120452652,-0.301108235
44:20.1,8.076036776,,88.43685986,90.01229647,,t32,-0.78,ibs,positive,89.34290695,,-0.906047093,-1.57543661,1.57543661,-0.604938858,-0.301108235
44:20.1,10.63580252,,88.47398501,90.01229409,,t32,-0.78,ibs,positive,89.34290695,,-0.868921947,-1.538309086,1.538309086,-0.567813712,-0.301108235
44:20.3,3.549656169,-0.079536427,88.63002055,90.01228401,88.34791565,t32,-0.78,els,positive,,0.282104899,,-1.382263465,1.382263465,0.583213134,-0.301108235
44:20.3,13.0926147,,88.69307029,90.0122799,,t32,-0.78,ibs,positive,89.34290695,,-0.649836662,-1.319209612,1.319209612,-0.348728427,-0.301108235
44:20.6,15.27291211,,88.98854587,90.01226034,,t32,-0.78,ibs,positive,89.34290695,,-0.354361083,-1.023714469,1.023714469,-0.053252848,-0.301108235
44:20.7,17.86788271,,89.05779927,90.01225568,,t32,-0.78,ibs,positive,89.34290695,,-0.285107686,-0.954456415,0.954456415,0.016000549,-0.301108235
44:20.8,20.17590515,,89.16843717,90.01224819,,t32,-0.78,ibs,positive,89.34290695,,-0.174469778,-0.843811013,0.843811013,0.126638457,-0.301108235
44:20.9,24.18064654,,89.25447206,90.01224231,,t32,-0.78,ibs,positive,89.34290695,,-0.088434889,-0.757770248,0.757770248,0.212673346,-0.301108235
45:06.3,3.569194531,-0.177325264,92.17908854,90.0098888,91.33748627,t32,-0.732500004,els,negative,,0.841602276,,2.169199738,2.169199738,1.044224926,-0.20262265
45:07.9,8.138794501,-0.255401761,91.39032449,90.00980973,91.33748627,t32,-0.731250004,els,negative,,0.052838224,,1.380514756,1.380514756,0.255460873,-0.20262265
45:09.6,235,-0.582086413,89.73046312,90.00971396,91.33748627,t32,-0.728750005,els,negative,,-1.607023143,,-0.279250841,0.279250841,-1.404400493,-0.20262265
45:13.3,10.50560824,,86.07117911,90.00955412,,t32,-0.723750005,ibs,negative,84.36243057,,1.708748541,-3.938375009,3.938375009,1.91137119,-0.20262265
45:13.4,15.21810761,,85.99025971,90.00955013,,t32,-0.723750005,ibs,negative,84.36243057,,1.627829134,-4.019290422,4.019290422,1.830451784,-0.20262265
45:13.4,12.9014861,,85.95543435,90.0095484,,t32,-0.723750005,ibs,negative,84.36243057,,1.593003782,-4.054114049,4.054114049,1.795626432,-0.20262265
45:13.4,17.65888072,,85.9530523,90.00954829,,t32,-0.723750005,ibs,negative,84.36243057,,1.590621724,-4.056495989,4.056495989,1.793244374,-0.20262265
45:13.4,5.975450217,,85.94597026,90.00954793,,t32,-0.723750005,ibs,negative,84.36243057,,1.583539684,-4.063577677,4.063577677,1.786162334,-0.20262265
45:13.4,19.98604705,,85.94525213,90.0095479,,t32,-0.723750005,ibs,negative,84.36243057,,1.582821562,-4.064295764,4.064295764,1.785444212,-0.20262265
45:13.5,7.866535575,,85.90399682,90.00954585,,t32,-0.723750005,ibs,negative,84.36243057,,1.54156625,-4.105549026,4.105549026,1.7441889,-0.20262265
45:13.8,27.27289388,,85.56420842,90.00952877,,t32,-0.723750005,ibs,negative,84.36243057,,1.201777844,-4.445320354,4.445320354,1.404400493,-0.20262265
46:02.1,235,-0.085353963,87.46207757,90.00768155,87.35701752,t32,-0.700000013,els,positive,,0.10506005,,-2.545603979,2.545603979,0.676668641,-0.571608591
46:02.2,8.015581594,0.028288171,87.5310406,90.00767957,87.35701752,t32,-0.700000013,els,positive,,0.174023085,,-2.47663897,2.47663897,0.745631675,-0.571608591
46:02.5,3.48440513,0.154448506,87.89427103,90.00766913,87.35701752,t32,-0.700000013,els,positive,,0.537253514,,-2.113398104,2.113398104,1.108862104,-0.571608591
46:03.0,5.977166821,,88.34404899,90.00765613,,t32,-0.700000013,ibs,positive,90.34199142,,-1.997942433,-1.663607136,1.663607136,-1.426333842,-0.571608591
46:03.1,7.831450988,,88.43149679,90.00765359,,t32,-0.700000013,ibs,positive,90.34199142,,-1.910494635,-1.576156799,1.576156799,-1.338886044,-0.571608591
46:03.1,10.44544342,,88.45267903,90.00765297,,t32,-0.700000013,ibs,positive,90.34199142,,-1.889312393,-1.554973941,1.554973941,-1.317703802,-0.571608591
46:03.2,12.90065839,,88.56777676,90.00764963,,t32,-0.700000013,ibs,positive,90.34199142,,-1.774214666,-1.439872867,1.439872867,-1.202606076,-0.571608591
46:03.3,17.6167272,,88.62845426,90.00764786,,t32,-0.700000013,ibs,positive,90.34199142,,-1.713537169,-1.379193602,1.379193602,-1.141928578,-0.571608591
46:03.3,15.20468403,,88.6420847,90.00764746,,t32,-0.700000013,ibs,positive,90.34199142,,-1.699906728,-1.365562765,1.365562765,-1.128298138,-0.571608591
46:03.3,20.00221114,,88.69766875,90.00764584,,t32,-0.700000013,ibs,positive,90.34199142,,-1.644322676,-1.309977092,1.309977092,-1.072714086,-0.571608591
46:03.7,28.56860755,,89.09371419,90.00763484,,t32,-0.700000013,ibs,positive,90.34199142,,-1.248277231,-0.91392065,0.91392065,-0.676668641,-0.571608591
46:49.8,3.479630639,-0.16924864,91.52134755,90.00684165,89.34657288,t32,-0.672500002,els,negative,,2.174774669,,1.514505892,1.514505892,2.008093496,0.166681174
46:51.2,7.947480872,-0.111978784,90.15180696,90.00683403,89.34657288,t32,-0.670833335,els,negative,,0.805234088,,0.144972936,0.144972936,0.638552914,0.166681174
46:52.0,235,-0.442363541,89.30830989,90.00682664,89.34657288,t32,-0.670000001,els,negative,,-0.038262987,,-0.69851675,0.69851675,-0.20494416,0.166681174
46:55.6,5.94930969,,85.78634566,90.00679235,,t32,-0.671250001,ibs,negative,84.36153412,,1.424811543,-4.220446685,4.220446685,1.258130369,0.166681174
46:56.6,7.860600247,,84.79759155,90.00678804,,t32,-0.671666668,ibs,negative,84.36153412,,0.436057431,-5.209196487,5.209196487,0.269376258,0.166681174
46:56.6,30.13242497,,84.73315945,90.00678784,,t32,-0.671666668,ibs,negative,84.36153412,,0.371625334,-5.273628387,5.273628387,0.20494416,0.166681174
46:56.6,15.11300598,,84.72459644,90.00678781,,t32,-0.671666668,ibs,negative,84.36153412,,0.363062317,-5.282191379,5.282191379,0.196381144,0.166681174
46:56.7,12.89826005,,84.68076222,90.00678769,,t32,-0.671666668,ibs,negative,84.36153412,,0.319228099,-5.326025469,5.326025469,0.152546925,0.166681174
46:56.7,17.61980554,,84.67962494,90.00678768,,t32,-0.671666668,ibs,negative,84.36153412,,0.318090823,-5.327162742,5.327162742,0.15140965,0.166681174
46:56.7,19.98208177,,84.64980763,90.0067876,,t32,-0.671666668,ibs,negative,84.36153412,,0.288273515,-5.356979966,5.356979966,0.121592342,0.166681174
46:56.7,10.43997914,,84.63670429,90.00678756,,t32,-0.671666668,ibs,negative,84.36153412,,0.275170174,-5.370083272,5.370083272,0.108489,0.166681174
47:44.8,235,-0.341688804,87.16697733,90.00652896,86.35611725,t32,-0.661666667,els,positive,,0.810860086,,-2.839551628,2.839551628,0.553741915,0.25711817
47:45.2,8.496414944,-0.341577568,87.58921591,90.00652823,86.35611725,t32,-0.662083333,els,positive,,1.233098664,,-2.417312315,2.417312315,0.975980494,0.25711817
47:45.7,5.93603762,,88.08398325,90.00652467,,t32,-0.662083333,ibs,positive,89.34109116,,-1.25710791,-1.922541426,1.922541426,-1.51422608,0.25711817
47:46.0,3.643936988,-0.197137338,88.38701181,90.00651465,86.35611725,t32,-0.6625,els,positive,,2.030894564,,-1.619502839,1.619502839,1.773776394,0.25711817
47:46.0,7.996375778,,88.39566244,90.00651437,,t32,-0.6625,ibs,positive,89.34109116,,-0.945428718,-1.610851934,1.610851934,-1.202546888,0.25711817
47:46.2,10.562473,,88.52532764,90.00651023,,t32,-0.6625,ibs,positive,89.34109116,,-0.815763514,-1.481182587,1.481182587,-1.072881685,0.25711817
47:46.3,13.04579761,,88.68623459,90.0065052,,t32,-0.6625,ibs,positive,89.34109116,,-0.654856568,-1.320270615,1.320270615,-0.911974738,0.25711817
47:46.5,15.18544684,,88.81708591,90.00650121,,t32,-0.6625,ibs,positive,89.34109116,,-0.524005242,-1.189415297,1.189415297,-0.781123413,0.25711817
47:46.6,17.8318045,,88.89689817,90.00649882,,t32,-0.6625,ibs,positive,89.34109116,,-0.444192986,-1.109600648,1.109600648,-0.701311157,0.25711817
47:46.7,20.03315499,,89.00990334,90.00649548,,t32,-0.6625,ibs,positive,89.34109116,,-0.331187816,-0.996592143,0.996592143,-0.588305987,0.25711817
47:46.7,24.48975648,,89.04446741,90.00649448,,t32,-0.6625,ibs,positive,89.34109116,,-0.296623745,-0.962027064,0.962027064,-0.553741915,0.25711817
33:29.4,22.7891966,-26.74605248,5.717671106,3.012077713,6.091094494,t46,-0.663333333,els,negative,,-0.373423388,,2.705593392,2.705593392,0.072666348,-0.446089735
33:30.6,7.896701638,-25.99467243,4.544096631,3.180736941,6.091094494,t46,-0.664166667,els,negative,,-1.546997863,,1.363359691,1.363359691,-1.100908127,-0.446089735
33:31.7,3.565157344,-27.28588502,3.377649238,3.347841023,6.091094494,t46,-0.665,els,negative,,-2.713445256,,0.029808215,0.029808215,-2.267355521,-0.446089735
33:32.5,17.07591994,,2.587338873,3.462922788,,t46,-0.665833333,ibs,negative,3.106094956,,-0.518756083,-0.875583915,0.875583915,-0.072666348,-0.446089735
33:33.3,9.985625338,,1.815492809,3.585802244,,t46,-0.666666667,ibs,negative,3.106094956,,-1.290602147,-1.770309435,1.770309435,-0.844512412,-0.446089735
33:33.3,7.774364757,,1.811946511,3.586366126,,t46,-0.666666667,ibs,negative,3.106094956,,-1.294148445,-1.774419615,1.774419615,-0.84805871,-0.446089735
33:33.4,12.44555975,,1.7396399,3.597862424,,t46,-0.666666667,ibs,negative,3.106094956,,-1.366455057,-1.858222524,1.858222524,-0.920365321,-0.446089735
33:33.5,5.468252411,,1.607839275,3.618811349,,t46,-0.666666667,ibs,negative,3.106094956,,-1.498255681,-2.010972074,2.010972074,-1.052165946,-0.446089735
33:33.5,14.59843012,,1.566507079,3.62537912,,t46,-0.666666667,ibs,negative,3.106094956,,-1.539587877,-2.058872041,2.058872041,-1.093498142,-0.446089735
34:35.6,3.560144366,,10.71606353,12.77747253,,t46,-0.7375,ibs,positive,15.05611086,,-4.340047331,-2.061408999,2.061408999,-3.906331229,-0.433716102
34:37.6,5.559275615,,12.69055598,13.05128882,,t46,-0.74,ibs,positive,15.05611086,,-2.365554878,-0.360732843,0.360732843,-1.931838776,-0.433716102
34:38.3,3.466752402,-12.14150231,13.38203102,13.14696284,14.0611105,t46,-0.7425,els,positive,,-0.67907948,,0.235068174,0.235068174,-0.245363377,-0.433716102
34:38.4,27.17530338,-13.98553331,13.47579477,13.15992959,14.0611105,t46,-0.7425,els,positive,,-0.585315722,,0.315865181,0.315865181,-0.15159962,-0.433716102
34:38.4,7.772432444,,13.49589782,13.16271091,,t46,-0.7425,ibs,positive,15.05611086,,-1.560213039,0.33318691,0.33318691,-1.126496937,-0.433716102
34:39.0,7.899074606,-14.03526352,14.03884442,13.23779438,14.0611105,t46,-0.7425,els,positive,,-0.022266075,,0.801050043,0.801050043,0.411450027,-0.433716102
34:39.1,10.08172535,,14.12903819,13.25026068,,t46,-0.745,ibs,positive,15.05611086,,-0.927072668,0.878777511,0.878777511,-0.493356566,-0.433716102
34:39.2,12.54212476,,14.29625303,13.27336767,,t46,-0.745,ibs,positive,15.05611086,,-0.759857825,1.022885359,1.022885359,-0.326141723,-0.433716102
34:39.5,14.72976206,,14.58015441,13.31258484,,t46,-0.745,ibs,positive,15.05611086,,-0.47595645,1.267569573,1.267569573,-0.042240348,-0.433716102
34:39.7,17.22160516,,14.77399438,13.33935077,,t46,-0.745,ibs,positive,15.05611086,,-0.282116482,1.434643609,1.434643609,0.15159962,-0.433716102
35:51.0,3.505276656,-2.836055759,27.14939554,22.78249427,27.11112976,t46,-0.777083333,els,negative,,0.038265777,,4.366901267,4.366901267,0.826479101,-0.788213324
35:51.3,7.6755292,-1.959143464,26.78199584,22.83056515,27.11112976,t46,-0.774166667,els,negative,,-0.32913392,,3.951430691,3.951430691,0.459079404,-0.788213324
35:52.0,25.6842224,-3.112064002,26.11334294,22.91805017,27.11112976,t46,-0.77125,els,negative,,-0.997786822,,3.195292765,3.195292765,-0.209573498,-0.788213324
35:56.5,14.55885917,,21.51258919,23.50889103,,t46,-0.759583333,ibs,negative,22.08112907,,-0.568539886,-1.99630184,1.99630184,0.219673438,-0.788213324
35:56.6,17.02989828,,21.50248925,23.51014351,,t46,-0.759583333,ibs,negative,22.08112907,,-0.578639826,-2.007654265,2.007654265,0.209573498,-0.788213324
35:56.6,12.38411958,,21.42245201,23.52006897,,t46,-0.759583333,ibs,negative,22.08112907,,-0.658677064,-2.097616961,2.097616961,0.12953626,-0.788213324
35:56.7,9.965177219,,21.31592437,23.53327959,,t46,-0.759583333,ibs,negative,22.08112907,,-0.765204708,-2.21735522,2.21735522,0.023008616,-0.788213324
35:56.8,7.697837475,,21.2925229,23.53618162,,t46,-0.759583333,ibs,negative,22.08112907,,-0.788606178,-2.243658724,2.243658724,-0.000392854,-0.788213324
35:57.2,5.433918824,,20.79410787,23.59961678,,t46,-0.756666667,ibs,negative,22.08112907,,-1.287021207,-2.805508915,2.805508915,-0.498807883,-0.788213324
35:57.9,3.48447673,,20.14151045,23.68502523,,t46,-0.756666667,ibs,negative,22.08112907,,-1.939618622,-3.543514781,3.543514781,-1.151405298,-0.788213324
53:09.3,6.075754468,,-12.66120025,1.640055486,,t47,-0.745,ibs,extrema,-12.99479103,,0.333590785,-14.30125573,14.30125573,,
53:11.3,6.059556554,,-12.99479231,1.657695876,,t47,-0.756666667,ibs,extrema,-12.99479103,,-1.28E-06,-14.65248819,14.65248819,1.654708731,-1.654710011
53:11.6,8.524108754,,-12.99479217,1.66036099,,t47,-0.756666667,ibs,extrema,-12.99479103,,-1.14E-06,-14.65515316,14.65515316,1.654708872,-1.654710011
53:34.4,3.824622805,-80,-5.624197937,1.893347088,0.055217981,t47,-0.70875,els,positive,,-5.679415919,,-7.517545025,7.517545025,-4.024705907,-1.654710011
53:36.7,8.771009871,-68.92801546,-3.254200902,1.920780206,0.055217981,t47,-0.70125,els,positive,,-3.309418884,,-5.174981108,5.174981108,-1.654708872,-1.654710011
